32.647995,27.334458,18.777239,32.558145,149.876268,29.578624,37.800344,133.458050,45.085468,32.342115,142.727088,37.366495,26.056262,139.415512,40.519754,0.000000
45.166793,26.117019,18.645196,31.567098,138.965945,20.022370,33.176819,132.806630,21.381263,28.201580,138.854737,14.808465,26.329570,128.394781,23.400235,0.000000
20.826588,35.926397,39.943409,20.257126,88.651968,29.781060,17.812546,102.683664,16.751548,11.247996,103.264677,18.000063,15.584646,82.515342,23.045704,0.000000
31.327256,24.482902,27.073693,22.894414,64.537885,47.775269,16.256466,89.803293,40.146627,9.443338,91.327471,35.448822,14.446064,71.702363,35.047523,0.000000
28.164625,31.028619,23.568194,21.468457,141.750809,21.386416,29.323112,129.772949,38.852031,24.264641,138.309162,33.321451,23.231644,129.452243,30.819853,0.000000
39.493933,30.825017,37.798715,48.789407,101.569152,29.543310,62.408973,102.175635,65.566150,59.301602,112.161872,55.427656,60.565796,102.860590,49.489659,0.000000
46.636410,27.871526,25.808261,22.547515,69.819060,42.556670,16.971363,85.544017,36.496952,11.288500,75.542530,39.251253,16.539423,48.637377,29.019384,0.000000
45.042568,19.961871,11.893033,13.603903,32.278803,27.388893,7.747610,17.797417,5.794515,2.940872,16.492116,1.481793,9.127502,8.934992,6.483260,0.000000
47.299112,32.659637,25.455925,33.674011,52.766652,43.792789,29.175726,97.063906,24.384931,27.473441,104.583461,24.572468,32.064351,94.460182,22.230902,0.000000
46.483112,30.871050,36.277547,40.493482,96.787611,39.591184,38.159227,110.260392,30.181509,30.411843,119.519070,30.006762,26.418003,122.606342,33.310417,0.000000
27.792747,27.346865,18.358880,13.459867,12.675573,14.827358,21.851454,94.371765,35.972556,19.283318,104.185629,31.780360,26.073177,81.116557,33.292727,1.000000
35.320273,26.381613,20.191984,14.668020,7.185043,4.248832,25.126893,121.084548,26.620646,24.078772,117.775156,30.698631,30.541078,89.432634,37.903796,1.000000
26.048195,19.402587,26.436642,6.365824,9.542588,3.241575,28.086456,113.535227,26.468682,20.288474,116.216192,24.670197,26.922405,95.790580,20.527646,1.000000
27.221395,15.414500,25.939750,6.623381,7.608257,2.696879,28.052599,108.763997,27.351137,21.551970,108.780979,26.114410,25.929242,91.324413,21.103923,1.000000
32.014172,10.991831,28.415461,5.728636,6.481493,0.889479,23.010316,90.874638,34.321755,12.829574,92.857042,35.219209,11.395936,68.408045,41.629204,1.000000
35.391177,18.592058,33.007410,4.140826,6.493375,1.912261,25.824411,100.550619,29.616766,19.956852,99.451776,31.702370,24.273458,82.648994,25.282382,1.000000
33.667543,32.918064,19.468711,7.488233,2.724066,7.948471,28.506697,49.497494,13.477383,55.206680,70.580958,23.938099,54.585635,72.790658,27.310205,1.000000
34.297057,31.368970,12.617624,12.278204,1.644287,8.980053,30.469056,26.478147,7.106024,52.598374,70.892878,25.786772,42.428934,65.808129,34.571704,1.000000
37.283942,26.503899,38.901662,12.471588,1.771188,4.433059,38.654754,109.571409,23.595078,35.738030,105.880785,31.167126,25.614191,107.024708,29.663542,1.000000
37.309748,20.163841,29.692652,7.735964,3.484735,2.936218,33.402019,102.752624,25.379006,27.139984,100.369156,26.013738,25.387794,95.077939,19.624609,1.000000
27.064267,4.116995,11.001622,16.486113,10.552898,11.181537,14.660537,7.230117,6.805212,5.992467,1.279764,12.949280,2.583446,5.751485,12.190489,2.000000
31.191134,4.290191,11.017077,14.137684,3.406932,3.979965,14.172432,62.540096,5.982379,4.602033,33.828657,3.623022,7.488203,11.515055,14.876723,2.000000
32.675400,6.051246,9.601219,16.191259,6.049887,3.021566,23.574714,34.476614,52.095947,20.944558,28.680245,10.530155,21.732707,9.850545,3.993437,2.000000
36.983640,10.596499,14.782542,8.568285,5.152676,2.903961,20.725178,85.560392,20.407994,15.760408,73.182706,27.857098,16.365531,47.081374,18.958339,2.000000
28.553979,4.386473,14.044008,14.800291,8.822664,4.434532,12.653980,85.107713,5.685620,4.419841,57.803916,8.104906,9.925122,21.634206,28.194048,2.000000
43.905587,4.436173,6.406616,7.984581,3.269949,4.945221,21.120639,23.389945,11.310605,16.343349,24.295424,15.957736,9.628379,15.356038,23.239797,2.000000
47.227182,2.093504,13.185004,10.198872,9.016928,4.762649,30.488841,87.460182,19.246491,31.417656,83.437891,35.377278,26.301992,71.631192,41.428162,2.000000
38.963707,3.312926,14.764106,13.346643,2.701027,3.122325,15.783439,70.890089,24.271086,16.162595,55.105191,27.125569,14.065205,31.765137,30.163877,2.000000
38.235214,9.765067,12.204059,13.054985,3.186906,6.008764,30.496132,105.006685,19.614097,37.621662,101.843967,33.236817,36.027421,96.934316,33.416261,2.000000
44.894136,5.703140,18.672275,16.862815,7.250208,1.171276,27.349864,91.238617,15.085455,31.288754,83.884860,30.505573,32.303599,72.093530,33.306199,2.000000
33.233165,5.251370,12.361472,7.406677,2.403716,1.809087,14.060716,1.544563,4.514234,31.659243,100.935772,25.510835,35.251030,89.933031,19.148129,3.000000
52.796238,11.266403,14.081873,4.255632,1.900488,2.120873,8.555830,4.423145,2.657591,32.922917,102.226827,22.889829,35.501908,85.247861,24.733276,3.000000
45.530282,6.599183,2.705272,11.851240,11.457306,8.534295,10.935138,3.143677,7.689091,40.015122,108.650040,20.131360,44.474448,95.466861,23.438341,3.000000
40.178526,5.883763,11.293230,9.412355,5.010292,3.067079,17.325150,5.933416,5.999398,39.241775,112.753544,23.859172,37.437907,104.919452,24.762976,3.000000
41.220657,6.328683,11.057584,8.445178,5.794255,1.084988,11.758416,8.098485,5.679773,36.361657,116.513918,16.134616,37.406455,101.434675,18.718483,3.000000
58.029470,7.936083,18.771053,7.850386,3.486047,9.073247,6.786294,4.949442,3.565229,34.004830,84.326025,32.755850,41.777266,74.807435,32.737475,3.000000
47.655365,6.263117,10.347858,4.807681,4.465829,8.093180,5.107651,1.721795,4.607089,33.309515,102.655187,23.337544,38.665966,107.032195,18.660136,3.000000
37.110564,9.127239,10.668107,9.388768,7.970887,9.143346,12.781739,13.336964,6.699117,2.049043,44.085116,10.394698,5.635468,36.843559,23.718730,3.000000
38.684006,11.977840,10.109062,4.396552,1.626858,0.703276,12.755652,4.171569,4.843316,33.498154,83.193397,31.964912,32.269514,74.880485,33.148861,3.000000
37.850077,11.219031,11.298609,4.051946,5.171304,1.238764,9.662268,7.351379,3.868443,29.601931,85.170091,34.670269,24.091245,67.618521,43.369632,3.000000
33.375924,45.897643,44.959032,4.206236,2.510320,3.222605,6.785700,5.948434,5.084050,4.488179,10.262063,2.284405,10.728425,9.843519,2.926731,4.000000
42.745151,37.643024,50.160862,5.435130,4.830251,6.826986,5.556171,3.002356,0.205582,4.943730,4.228434,1.315191,14.777243,1.532173,2.396397,4.000000
36.649501,39.702291,44.822909,3.642930,8.181224,8.751886,3.456824,9.219551,4.474447,5.561067,16.236727,1.138055,18.158290,4.719707,7.470625,4.000000
33.732343,45.422586,55.822462,7.638146,2.152629,4.033472,1.464054,4.268573,1.663308,2.984584,7.626433,3.389159,6.941995,4.292772,5.763352,4.000000
38.116837,42.441980,54.622501,5.664158,2.892497,5.785950,4.736157,4.173156,2.245456,4.465982,7.503835,2.509713,12.375703,4.960036,2.874021,4.000000
24.033897,40.088233,38.787525,9.386012,9.464247,10.413310,5.538884,8.901695,6.428157,5.607933,8.132257,8.182374,12.767122,4.234681,9.934021,4.000000
22.047348,48.635157,48.085973,4.204146,8.782940,8.546689,8.453367,8.064216,4.190607,8.495972,9.646204,6.860789,15.861648,9.336959,7.072326,4.000000
33.365355,38.958717,46.813890,9.899286,7.299461,2.715544,9.758196,11.715413,5.594981,17.783596,9.339260,5.354658,18.192992,8.105073,12.362090,4.000000
38.594702,38.014552,39.186073,10.419738,4.358816,1.884457,3.774121,6.272337,6.311814,4.514871,3.737852,3.404841,16.175068,7.367417,6.986737,4.000000
34.595418,45.275342,38.231041,16.250354,8.341614,3.207451,15.948974,17.222175,0.766148,21.815026,15.449771,4.494622,21.761233,9.026763,6.234337,4.000000
35.255824,12.681438,12.162714,1.949913,4.178936,2.694380,5.003759,5.714465,4.993314,2.866081,7.437629,5.021466,6.839853,3.950859,7.966758,5.000000
35.381951,6.525500,19.199896,3.555485,5.347654,2.759508,1.414179,4.648061,6.142657,1.858605,7.096097,7.531731,6.483093,6.014813,12.057738,5.000000
41.645858,15.220567,8.432321,3.891638,2.995404,3.117573,2.547617,4.607339,4.529059,4.610331,8.582590,3.758644,12.137491,3.805865,7.507453,5.000000
31.975783,6.425621,27.088570,1.623824,0.324600,3.288059,4.708754,6.496409,2.555214,3.167269,10.568400,3.977490,5.989966,12.268311,8.626645,5.000000
52.354737,15.120519,8.159867,12.150277,3.072984,2.300643,6.897060,7.296752,5.010795,13.108232,14.797280,6.259755,33.110258,40.388509,18.435610,5.000000
42.999924,9.240689,12.167061,6.017784,5.659045,3.776685,8.656432,8.790815,2.774698,9.226938,7.683244,2.427294,5.585492,5.957392,7.547471,5.000000
43.477665,14.105631,13.982119,10.789480,3.810610,5.423428,6.094256,6.136796,5.340599,8.386305,7.252753,1.856217,5.491802,10.913479,5.328268,5.000000
20.702271,10.081805,4.982003,23.877205,7.948928,1.551362,19.273723,11.337202,3.647189,20.742387,9.034537,1.285506,19.839281,4.202442,2.836296,5.000000
17.150237,8.940540,9.556369,14.012305,6.129931,4.739453,8.193098,13.911509,5.344650,6.554458,10.177747,5.336161,3.375271,4.698845,3.420790,5.000000
39.389713,1.117582,18.518180,2.084555,9.091669,5.572484,4.861925,9.557979,1.797316,8.672537,6.123965,4.182991,5.379867,3.624339,9.622453,5.000000
32.768108,9.503798,21.593121,70.120588,79.257446,19.285731,62.786166,89.545887,25.282514,35.479257,113.421803,22.441275,2.555735,2.533934,11.763745,6.000000
46.482827,7.663155,23.567131,63.902830,93.346809,22.482054,56.086617,100.846042,23.564547,33.851183,117.178513,25.286268,6.500882,2.959386,19.501039,6.000000
38.634087,11.621667,12.321092,65.498904,85.213781,26.907686,64.852347,83.909753,32.034636,62.020283,83.323703,34.953183,29.379008,6.594299,10.074840,6.000000
36.741209,5.558563,16.938405,62.598507,83.631724,28.465062,62.411796,78.189144,32.007691,54.511854,86.981567,39.002972,30.600811,3.231690,22.656990,6.000000
32.129682,4.522638,20.253860,56.993430,92.831512,27.698204,64.360650,95.358514,25.051703,46.830764,114.904887,27.940107,11.182135,6.640856,21.113219,6.000000
44.091949,7.621931,10.947011,55.501159,89.272723,24.395429,55.948755,82.842522,30.297209,38.470464,104.984128,27.955863,14.350666,8.625918,9.942533,6.000000
27.479936,4.097992,12.034439,54.818352,83.537471,23.730609,48.670413,87.563799,21.889500,49.545667,79.728856,24.308692,24.089367,8.214144,6.436579,6.000000
36.959546,8.284973,14.947872,68.824398,94.120399,21.986314,66.216127,86.226797,19.891681,68.870759,84.502687,33.513477,39.479300,6.941457,13.541512,6.000000
31.751109,4.022216,18.241775,50.880285,84.077726,26.394814,47.129386,86.697861,22.057838,45.542544,80.530217,21.078212,23.212825,9.845619,9.567523,6.000000
32.046934,2.906928,16.507149,65.617373,85.127539,28.785882,59.764329,87.419937,28.859106,55.605317,84.626147,30.414226,24.107689,8.410958,11.024586,6.000000
44.811824,2.247344,16.590034,3.907380,1.037199,5.722256,24.259901,79.244223,50.637637,27.387484,89.464871,38.621035,18.931667,12.572601,2.455508,7.000000
37.624495,9.248881,15.595617,13.943688,6.967265,3.055396,23.551784,87.673090,25.656546,26.030782,73.236715,36.542141,17.261648,14.773418,0.548913,7.000000
46.128234,4.915813,20.525325,18.394542,5.316863,7.119637,36.039645,100.389825,28.537262,32.345505,93.461557,34.594623,16.737188,8.445271,13.111714,7.000000
44.808399,4.501318,15.921841,5.676711,2.912810,3.308981,47.062820,107.593445,23.310176,44.997130,102.337257,28.679087,22.346223,1.190159,15.552526,7.000000
26.530469,6.008313,17.595035,18.261555,3.655714,3.716061,38.781065,99.707067,33.522438,39.233322,94.661400,30.749988,17.065474,7.716530,4.521263,7.000000
25.322479,18.037882,12.067315,32.241247,4.182720,10.241490,64.298837,85.322581,35.394987,66.325426,85.916786,50.186207,33.529981,4.814649,21.073403,7.000000
26.159149,11.137073,9.392574,32.497866,5.530923,21.209995,58.690552,88.162466,44.455593,66.220628,82.889458,53.075216,26.491866,8.719384,20.402972,7.000000
27.655743,8.826697,10.426987,24.228312,4.138157,1.587366,43.504149,89.435706,34.546310,49.337679,85.551153,39.430488,23.411189,3.340633,15.438018,7.000000
36.260453,2.525784,12.413987,6.889512,1.646308,7.154511,41.815285,94.048841,25.811301,32.851651,98.766322,29.309239,13.612372,3.147535,24.566801,7.000000
24.798043,8.936647,9.570077,23.075096,20.969004,7.107377,43.418623,85.495565,23.589483,45.492214,78.922022,23.059844,20.685546,13.108988,7.381683,7.000000
24.596646,29.736908,25.081947,8.884024,6.559019,0.456588,29.827859,102.927281,18.240074,12.725527,97.401429,17.777858,15.098036,16.796076,6.547921,8.000000
50.252621,28.077263,30.040298,22.374885,2.026989,4.306113,48.841783,103.821814,30.767418,54.614023,96.278374,33.056198,26.596671,9.641538,4.516223,8.000000
46.720347,25.202566,24.210076,17.260718,9.712490,3.675929,28.947328,75.844410,28.755709,30.145959,65.809682,40.230338,16.848285,4.840667,8.473947,8.000000
28.024332,40.119232,25.496783,13.016671,7.596354,14.071081,32.813221,113.327516,27.055776,24.094514,106.255872,24.239304,2.695157,12.629440,4.089145,8.000000
34.887251,22.980568,30.863599,3.881194,2.064988,2.772694,38.137402,103.151437,25.618216,29.328686,97.400949,24.351962,5.864652,4.536465,12.272375,8.000000
44.262576,27.125702,15.256883,20.713364,3.406373,9.884314,48.267375,88.476030,29.769608,53.448143,86.022664,36.539874,34.193978,5.617906,18.224099,8.000000
34.424282,20.819976,23.608225,11.864899,2.669081,5.032476,42.855215,93.195115,35.297608,43.077306,90.292816,43.513382,13.542847,2.543531,21.420034,8.000000
23.015253,23.751870,6.535196,3.763148,11.911140,3.379227,11.032025,87.060834,28.273261,6.145853,86.565476,29.938395,12.812652,48.514888,26.460021,8.000000
25.593816,27.246954,20.144459,20.815079,5.138932,12.616756,49.827635,88.011111,33.921899,49.312024,90.373766,37.904222,21.777395,2.446046,13.132388,8.000000
25.844453,24.825664,26.760306,17.165493,1.734105,12.963703,47.661407,79.048283,33.757782,44.984442,81.283531,35.549849,6.113230,3.008991,13.152020,8.000000
37.490134,32.495884,23.745591,10.263570,5.490865,1.261483,15.089296,8.650429,9.230090,48.912789,79.448029,45.186757,67.013845,71.875879,37.987664,9.000000
29.998130,43.524030,25.121150,15.417454,5.852091,7.589172,16.529002,0.725466,7.439875,24.380792,120.390560,19.199350,15.767035,114.411769,15.472736,9.000000
34.622599,37.017378,27.669637,2.741039,8.577513,2.243323,14.292178,6.378143,11.999477,45.919511,94.120950,44.025584,55.995302,88.266768,37.774801,9.000000
46.051695,54.653762,13.225411,14.781907,10.640506,4.251865,26.399216,6.573900,13.331524,71.594673,72.859317,49.275027,84.113429,61.311140,49.315297,9.000000
42.190255,30.782101,19.135231,8.149782,0.703450,2.855704,12.872799,7.649640,10.776583,41.484759,94.828726,26.366485,53.216605,91.162535,30.145703,9.000000
38.171631,28.749776,23.954708,7.154842,3.578104,5.526701,9.363086,5.571996,12.836742,43.175990,94.345481,30.334696,56.697473,91.082536,34.231611,9.000000
33.777163,44.571014,9.712207,2.335842,12.885402,6.266991,6.820075,3.736563,1.888396,65.052365,84.113728,15.254376,46.649516,92.143424,12.844981,9.000000
33.079898,42.409666,15.798544,5.416477,5.498882,2.514304,11.149445,1.194875,2.339769,48.673194,98.541595,16.054597,34.371564,104.661793,14.501611,9.000000
40.680805,40.801298,8.909207,5.691228,5.981328,2.100842,4.616145,2.721628,1.298055,40.710221,108.934659,12.880654,35.708418,112.317369,14.130233,9.000000
36.514748,45.446515,14.760226,4.549033,8.010085,5.285616,6.942849,0.038435,0.997313,46.468994,97.612162,17.154017,36.863595,107.383317,16.551778,9.000000
35.166499,10.133535,24.003586,20.414161,65.397661,53.280209,1.070313,10.611034,5.501693,5.086899,6.810580,2.684862,12.257347,2.932739,6.857893,10.000000
27.177540,7.165712,7.382681,27.979051,59.310011,43.088365,5.833023,13.201885,5.084093,5.462635,7.353229,7.037985,20.449650,11.142431,6.311775,10.000000
34.202671,12.923296,4.436527,7.954484,69.748850,41.098671,3.179318,9.590110,1.405584,8.344494,5.966596,0.871905,10.470855,2.615677,4.257028,10.000000
25.280928,15.253511,41.613189,19.461021,79.660231,45.791824,1.437713,7.270879,2.006402,2.456731,6.494313,1.439689,7.423358,3.559971,7.069693,10.000000
20.440146,14.117206,39.528597,16.725306,73.608294,36.204705,12.769179,54.409591,18.337170,9.325091,8.840259,3.291002,10.046129,0.961772,5.568736,10.000000
42.600813,1.628398,5.641295,29.320372,59.391940,37.741437,2.664271,1.934314,5.444876,8.683744,1.608252,4.105315,14.743984,4.496544,5.945350,10.000000
29.871450,9.303312,17.007823,31.072375,81.973636,33.115093,3.079640,6.669931,2.969039,11.754539,10.396972,5.003912,17.389056,5.201686,6.154532,10.000000
38.840654,10.783952,14.997242,40.915437,51.729814,31.135298,3.212290,3.550812,4.857939,13.059346,1.997148,4.008071,22.157437,2.847960,3.501141,10.000000
36.957795,16.899360,21.456777,49.829542,76.993500,35.017241,8.948312,8.467755,1.604304,6.864062,5.030107,3.714164,20.978079,4.631371,3.630589,10.000000
36.359711,12.904628,12.775588,55.680258,67.934220,28.683606,6.375559,0.552467,4.157252,14.441847,1.584075,2.392591,33.491625,6.145185,1.497830,10.000000
28.677787392898633,22.64095683805023,21.721787901951384,15.376044733500063,2.0166619353485578,7.10923348316087,25.892638690513333,136.16790224644362,16.40847927378026,31.827530869213653,139.92335820148753,16.333567473246205,26.659128441266198,141.31144007595222,12.940407767711102,1.0
29.319912778040017,22.66649806155864,26.03243249438275,15.936913305744739,1.9708100023199462,7.59096651322128,28.09712425922448,136.1660125692148,16.345463094681136,33.79445033665955,140.20012481174328,17.46343416450136,29.830332604923363,140.8528762475086,14.067791703160653,1.0
28.252703191654444,23.280005793090357,30.062430115324364,15.69081680682417,2.1607640025758106,6.228140460818694,28.26075350047704,136.47173867013768,15.596627914643989,35.32543967894409,139.03042838108968,16.988480588851566,30.910859309355377,139.70693943920173,12.637429377111994,1.0
26.269149648094565,21.068452161206285,31.741335067138866,15.757524594077774,1.09844002405195,7.293845715433978,29.019592626189862,133.92782860985292,16.819891292671848,37.98320534479695,135.52296807391826,17.851381424940804,34.26393381681798,136.845479359193,14.740694132881748,1.0
26.250675285894754,21.44141790565297,31.820504302718135,15.44669971091239,0.6609642611206268,7.792769318965943,28.759760219562942,134.69653521623653,17.50356145591526,36.36709328489659,137.29253813598595,18.397486283398653,31.619486783319815,139.1958606840148,15.077912528544715,1.0
30.345437711218903,20.189267696556758,31.012642713760993,16.01607189100115,2.012662693323716,7.437472744267557,28.122068934465034,135.44011203152317,19.17242025240009,40.90071178236397,133.1383278207499,21.377309698534138,34.694137689778636,136.34690852407215,16.442435057578038,1.0
23.888178113790357,28.442473496617435,32.554518528786375,17.643839206972462,2.8499938072450477,5.712637585759229,28.053709419102542,136.63900780339898,16.658542209686782,37.56825550115504,137.72630925404752,18.96396012315322,34.18903590777609,139.19239668547957,14.992531178444118,1.0
24.507041179859858,30.119419743670395,31.95672937858569,15.789354191863435,2.477516246047949,5.564289227036027,31.165071487055027,133.116213150452,14.860656076489477,42.542410607493096,132.47214023420077,18.316884297713912,36.01274032482832,137.4993899970137,13.524183766460425,1.0
27.614417605325855,25.48043195012949,38.34528282453166,16.866615243422817,1.5090646471853677,5.860753749410079,30.944462022408356,133.76941581090173,16.770523803641737,41.24314447273999,134.4177330283805,19.881867094905246,35.226019583572075,139.57275433923834,14.878705585779288,1.0
26.793825686157327,29.630276479276443,32.28016227974355,16.10839923577035,1.8550604592663618,5.0436128510931075,29.359316323796374,135.2418802205526,17.469586085007805,42.28632187913488,133.11253160079974,21.96086070789019,40.05359821452506,135.45019028360545,17.215140847329206,1.0
23.80529909279976,34.966319998093624,30.456683789404003,15.752600442555753,2.5036534125572802,5.783898443060514,31.27580210004012,132.19380864782224,13.923730516130165,39.822685207542,134.01739959048203,16.98200553346769,26.74736073931418,145.45313739159724,12.39830628057456,1.0
24.47451979304659,25.79506746796197,34.94710189151058,16.586859311663193,2.1118197064492956,5.697217681282684,31.90126686497514,131.4191384958133,15.834392345140147,42.62014570711936,131.88015460730443,18.061772206827847,35.51124837774106,138.3460757302588,13.180438459557859,1.0
25.311945689868914,27.715949400303018,34.86894042704108,15.823734526981326,2.080368236997568,4.979103181664197,31.017561845163023,133.4686919051444,16.55737375551449,42.93973491345807,132.92356772794304,20.100503238023663,39.83564932578213,133.5765907444715,14.557755424028558,1.0
20.850701287261042,15.979910129167715,26.65859179283809,14.536987953467618,3.3263131068264475,6.1184335209636584,38.8249448771546,123.89937879474604,24.555498109549102,58.11581491992357,117.65386607580082,29.74818546393994,61.372333188819205,112.20863420293901,27.867271827415323,1.0
16.976268375947274,11.550029903192156,30.135587126308124,15.819572419915485,5.351325365516576,7.431820146223019,48.71194177377969,115.49216163692361,35.90554882411279,72.37103126454966,104.85368866461127,44.26753572921692,77.42015729588341,96.66580991810929,41.89663532660334,1.0
22.19355230754725,10.572508304346243,13.209262661496817,14.85777671283349,3.207659537992712,6.707468982369623,58.516246088798695,100.32808153886067,39.82260936351924,78.29768431200588,93.04335020653109,51.95715637171595,81.500098329158,85.6987179784457,57.01300448763197,1.0
22.275804677309015,9.500133471537126,8.161706596366587,14.58552537575485,1.382813591582676,6.635052994521485,61.45259634981808,98.05242535182889,42.21639293603021,74.58016199892516,94.76625922158617,49.87482062268489,68.96067407200057,90.76011785620423,48.55849859844963,1.0
29.897779687384602,6.47419393111999,10.861663598356662,12.553860398065945,1.6956138527415792,4.6560481422176245,61.8938669152421,98.56609234733712,45.93447170668275,68.55101348945627,100.17524304952808,55.05825707272729,66.84878628379757,97.43314760834566,52.735073983431924,1.0
18.895778395569035,26.43801635079846,27.50621252227597,15.738991777283516,5.91289423202508,5.374396806082215,54.27346106088832,115.69337662243485,50.11403426378715,54.71983989905371,117.53288430606607,53.20395326965269,46.284547157798656,118.29537662502796,43.02911645224469,1.0
21.847981783048578,26.853841332567804,36.378191309506725,16.083529537833407,5.700168918902847,3.090821004825904,46.668356979982896,124.38418536889068,40.52583095686375,42.15061998134956,126.5317869934426,39.275694169690325,26.096033985085814,135.14133157580903,28.23670783268074,1.0
24.959015769014385,31.600577298764275,35.232836279592185,15.419000067186293,3.753726783259581,1.4509072289439893,30.63988805910366,146.08813996559755,25.493206796092384,21.58301004262025,146.86740692198808,20.19072140367061,17.567381467746166,150.3991864713118,9.34386831034645,1.0
20.134997427178565,27.57616353202251,35.40925548261793,16.559673345369028,4.300164694267,3.6474686105127696,51.66742343262002,118.1026334224129,44.867565207104064,49.91247126668557,121.07995459569588,45.06486508345764,37.79108061729295,127.4938730470088,37.3119934773922,1.0
21.58490556300843,9.972075036746949,13.372631082093047,16.502019387017764,4.989683454213978,5.057382314487971,59.245605996688006,108.12470949240596,46.35232371726865,68.1019825542384,107.73256450081273,51.774778663258644,65.61738113309733,102.38231989260699,52.067744028270866,1.0
23.837097452618103,11.05797936961412,12.63577931525724,15.052690571581488,2.647020608267798,7.143451855964341,59.88581298955375,102.56103296332144,43.12083443905336,78.61830378903308,95.0101453098611,55.18170694506902,81.14590538656142,88.06387580293828,60.18463005992048,1.0
14.6721596189076,13.011211118147287,30.668058858783123,16.339742643986263,6.833384254787035,7.8851335595359195,51.8615141940159,114.95318189873285,42.73808164345626,76.98982868736711,103.4097166464138,53.02531520241842,83.81807513885875,95.2901050844733,51.75637412041306,1.0
17.625140686700572,19.396981349854624,48.77573602580803,14.212796981987085,6.095284129574845,7.916688061953688,36.67976098616235,131.29463157226382,30.969111198955968,57.93933124073053,123.52395639395559,41.07498266748546,61.26435737883702,119.6640232771994,35.18223527243477,1.0
26.773167502590805,32.25470793617516,39.77897384810029,15.564792215843541,1.7554894789371798,4.25309144728111,28.818553857584522,138.24553835234244,15.265489925332504,37.602734816146494,139.73593708895962,21.288353364967897,30.24554142414616,146.43962956787144,15.593461142424761,1.0
31.817807641252365,32.57080163018181,19.534279658988243,16.652044369219766,1.7406968601403876,5.6369285362809105,29.64110933663473,135.12664767633345,16.661236190356398,36.56372006077014,140.33867511629552,18.92822526904318,17.983221740971015,157.51723879242675,12.694061384251333,1.0
30.159066673461076,33.604417650667344,12.65415829184836,16.021351866581657,2.4866071949401274,7.1657556550021235,28.855066827712307,138.0851307458962,18.09436851936463,38.03735188558304,141.22148057669443,19.073176534884755,19.075567990103576,160.86511924475892,12.51125241621355,1.0
28.29759138006075,37.41925874854702,12.32232634398524,16.69693674932532,0.36418134823137016,7.469523401118333,31.58527140874678,133.170283647774,20.27046234863183,40.97873638284221,136.79059075912195,19.906475700840698,23.11002556475952,156.2369416943762,13.899849387304467,1.0
34.63743427313785,39.10727814245332,11.536896238308891,18.718682877174807,2.6454554660110574,8.94764602162348,33.19893335533095,129.44475454844206,21.681330137345032,39.24271993477693,138.69305939062033,18.996636016992323,21.90904912303642,157.93809910482872,12.445748257146116,1.0
33.5948858814164,34.94786176146873,17.163580108867237,16.822748893750667,1.4599884703989907,7.047381705966929,28.685946059080575,137.4168593977907,17.448576008911264,31.189932722272225,146.07581825020355,16.031792192838324,16.9510387182719,159.96439298316693,10.032469035256382,1.0
27.933074584355655,31.089330464228713,18.349008940507286,17.100041186882024,1.285066874252489,6.833141805471192,27.196766033664254,141.6741637361419,16.362264394395996,31.82484064645725,146.5824986598576,17.762545609366185,15.937341524173284,160.91271460909422,11.29212320749378,1.0
30.39188483327929,29.65657207403528,23.068676916502646,16.59058145606652,3.359403281538918,5.583127549857257,28.32400822385725,139.1208853499535,15.30712387244259,36.27646062099902,140.05441800506156,18.736589630702742,25.51427291141689,148.93087228081288,13.307070294359763,1.0
31.656844758725796,25.868331480614152,19.489634210561814,19.203233851905303,4.458068249083254,5.114947462963292,29.228942624133232,136.1806975270896,15.631753577503796,38.870090084024746,135.06913217041543,18.674011076502406,29.054289189963722,143.65684202480517,13.356624261067322,1.0
29.920251650030846,20.714926497864184,24.80207415109482,20.814498620350093,6.041619465463294,6.993836557515021,29.562906316098278,132.92758504043036,17.62205897165436,39.463043939082596,132.19231609366807,19.86386294499758,32.855156316085896,137.0613107707056,14.547555650570864,1.0
25.85821856692413,18.899983925441205,33.882569694325014,21.674244694207992,5.6352432744310885,7.850409836969727,27.533751801696678,132.7477053496819,20.325455575689556,38.0764551951993,131.92203883671243,21.451395187177827,36.042529285173366,132.00279466057526,16.758452898586324,1.0
24.290788476622776,18.65889519984881,32.41604979530221,20.786644153554473,4.516660075570421,9.276597315509774,28.845320358138466,127.95578686093705,22.32080223762691,40.310304279077435,126.82696934146954,22.741306974720583,39.45080742052157,123.1673914382646,20.270069392348372,1.0
24.94060909006981,21.293570515201463,24.872306521344377,18.140053084862775,2.954342201449981,8.34408171670953,29.53366208197336,134.38653767403883,18.804197773116993,40.50269080202017,132.3098270373771,22.04778615215412,32.78387696152904,136.99713662685664,18.330620079928227,1.0
28.983357870401136,28.210061965576152,19.543508664105754,16.57124171518692,3.962863024962152,5.577025851901344,28.547762092211542,137.9148783456559,15.344595752392971,36.2269022583621,138.83346612113746,17.47931924232971,29.26529640774076,143.97575893163412,14.217311376360012,1.0
23.609359044121224,15.720608562997281,12.472554280842024,16.219155226395763,8.37469152077879,10.7366734858135,36.96120261222862,124.57984285241565,35.17482613305069,62.583372360641185,110.6591729738591,42.57491828629009,64.52223235070488,105.37864102719568,39.32256350871321,1.0
23.98333483582997,9.323727566390938,4.162215186213257,15.170948904507373,1.3242948029036918,8.174309272663944,55.80420248172121,101.24256110230557,39.931623475205875,68.7099354804727,98.58763074221052,49.819282479382686,63.3023926477799,98.08531069894588,50.182599159095766,1.0
27.6233364561771,8.510653901069938,7.176909654519366,14.21288215967578,3.3778999631281668,3.722142035447742,60.53301495387808,100.52350491151007,35.80680496494417,66.4974646438097,98.48776452439833,33.2378550051527,58.758730144986224,85.72528890848704,31.855933729298417,1.0
11.578977912431625,20.312477850939157,15.101787154100645,17.49436840184506,6.255306372085718,6.585458166226955,60.033172306751275,106.4273292626031,47.72815372565647,63.6528444277459,105.57457993332666,54.849330361595534,54.56612158574221,106.03002527564993,40.74192767733927,1.0
14.590557263469915,20.656249010800963,22.157169853434663,19.403693164614147,6.452202566054214,6.614738131558243,58.18643695951347,111.49296290919155,50.920274723905635,60.794336192010626,109.83508484461218,60.05689553777379,54.12234268817338,110.26233475441879,47.335534056266766,1.0
24.55248237208189,23.408761512072456,19.42407735478487,18.233989240243183,4.121714959285962,8.028165613877174,53.555576199503086,109.20790526446463,46.54028412153173,60.3532658667113,103.4328582192467,56.853794596061526,59.490475900524594,100.91377027668162,47.618375730155705,1.0
23.513290521209083,8.911399223135582,5.85992595432835,13.76710896390133,2.3906239727491556,9.26302692770624,59.08072797280239,100.57306970419314,51.03760821108161,68.16295189732666,98.45429450540155,55.15709596944342,64.78657232638979,94.92279173315599,49.88170892634411,1.0
20.49143170887996,11.852550679693104,34.00991544619973,15.937406359773027,7.809324150820794,7.7093675472589,42.645847457023955,120.89206693297375,36.26678122814091,71.06304851313303,107.003842966188,47.915664671651854,73.54617856026097,102.3824194319545,48.58284946804498,1.0
24.230088623065043,19.39012786067051,47.1747714893691,16.870662814446504,6.5429929812362655,8.658097491745668,30.406386497913395,139.40325311100253,29.67618516764711,48.35080630741984,132.635582916202,40.54199326349513,51.39171336186041,128.67132177632178,42.30609071834214,1.0
23.853143687526682,18.18314396193649,48.94650769320442,15.672188308081966,5.52785688490723,8.375573667013983,28.173956563186845,141.2065153688095,25.85690569376382,42.89852824991091,137.6752495551852,35.79451031681919,45.68725526438807,134.139866596096,37.16379071763204,1.0
27.408828414308648,23.876724485707985,39.59851703199471,17.06108562953529,2.4535422852627753,7.748422193045423,24.86915218354914,144.88005287293163,18.962764563163855,32.06185493469022,146.32149367651235,23.63670829306117,27.838432636164683,146.37825199483575,21.7366664328331,1.0
25.94786233197202,31.76754935296208,33.13707226225807,17.497645840246943,1.263696920473904,7.102082006120524,26.269583794616192,141.83922709118121,17.40817365086875,30.075384258923783,148.48706263256634,20.486539977556273,22.58243136362248,155.36158479529604,14.696167814233036,1.0
28.43842849839625,29.434973062395883,29.49686693303308,15.972661870716228,3.301196453117378,6.863545530564587,26.69235649746531,141.59608008457678,18.66353570498447,36.568651010898265,141.62947485651065,25.75600274676226,30.20530018487792,148.46555823601122,19.13427550244469,1.0
28.980489282842946,18.93245091095607,21.448031633910862,15.89868657859947,5.037238260032082,6.748631592700322,28.01563469648682,136.39086354302017,21.83251638791173,43.11089320859541,133.81762424590937,28.510544175599932,43.292743562941034,134.48442460570533,25.124232221918742,1.0
26.93641664337451,4.237483256931869,7.779381967222773,18.04195883981734,1.879781693614704,4.476628266127128,27.074473220428178,137.4043998702396,17.34605806300488,42.77943134775053,130.65488555254086,20.036402961321716,51.592560707661185,118.99795742188141,18.3583832440456,1.0
28.892623133375395,4.124788689459213,17.613802244490397,19.24100207845442,5.2751048887701675,6.39529613806633,32.302449336127495,137.68607869011427,28.21993564033263,60.000194253752376,118.38384445121771,44.806308260557536,73.94715907761503,101.74588887659029,46.558526235117036,1.0
26.530650729630082,23.180878077618306,31.17980523737996,19.78900287139138,7.822635742666049,8.283023694619457,28.395734152437804,141.57855623941438,28.82347009009867,62.30615225211788,117.56776039202686,43.80178698722449,72.48228055956362,104.7357106183315,37.73555056604161,1.0
27.43702594584305,21.25513446798179,43.67429974215426,19.06681714470312,6.62770582641464,7.6547144605499735,26.47686419297811,143.79249682739695,23.645853210149546,56.66077837286926,122.44005253886445,34.849242848163904,58.47295568902055,119.18419719039085,31.15125012690745,1.0
29.039642605004868,21.59439498455254,43.129549582119175,19.412281835183844,6.4834088803733465,7.99501725615458,26.676377233566484,142.67146674082906,25.242170360314592,58.141693316533676,120.77348190237466,39.730524968691164,59.63756151821107,117.96491567214477,35.30479827599879,1.0
26.522371466820612,17.90270956450359,40.04468526611014,18.77797903022634,8.946767098912112,10.60572010888449,28.443001688592535,140.57661434283722,35.70073672214654,63.585754071533316,116.9779159746976,49.438860298012216,75.20037204084139,103.35617530631863,47.13888772766451,1.0
18.60544729069009,13.499962236726256,37.46971435706395,15.72208735520865,7.9762031394932,9.950523339954977,41.78672073231633,120.35173997580982,36.54902112626685,84.4374534240344,90.74436820300517,51.99553373261515,112.964883581919,61.02908642182633,56.216148008144295,1.0
19.54054866900345,13.608744585841038,38.418117769867116,15.870737730043844,7.444370629109416,9.348608963684027,46.8178788379414,116.68036575095954,39.25816579600949,94.6101170511989,83.5017283896935,60.09352526160128,117.19408349433319,59.37063681992186,63.400744490946444,1.0
20.743903355985015,13.817639382455967,45.668913596312876,15.465743830173105,6.773296326168293,9.664054943652554,42.88619124138416,121.80056711236415,33.12585235835971,88.84862800409681,90.28084737542835,53.92980090264893,111.76261113998257,65.22303728705798,56.37505740642132,1.0
16.265921080452202,13.445811610204569,85.64291245651206,15.174097265249163,4.343553146863247,7.945731296946666,96.84080533781193,57.83791532784148,31.88673366824781,128.44312030175982,41.812938899963214,88.40750508940754,135.5763052820232,31.51389795737468,90.5933585497593,1.0
18.064857731739114,10.94886764437699,89.65008004479357,14.721194554614831,3.477980820721989,7.128411248151965,90.50984742417505,67.90284457414364,31.953490425516225,129.8246082218387,44.08971094411302,81.12222900753166,137.6017527172652,31.37643318309436,89.01213412241061,1.0
18.329713527988716,12.141695864234489,89.35632805650698,15.225628251414156,4.67002079958424,7.237213724801162,91.99928909058632,68.89624227409193,35.20989710824457,130.08712593239017,46.04184259117723,84.42234895981429,138.1624852453691,32.37307056854056,90.58105850155297,1.0
22.11322436727917,16.261117408650623,58.03044953175005,15.681327577257491,6.177815160574238,8.846426148555883,48.63398144234325,118.09825291889908,36.55985221427356,89.77196251428394,91.40243478340383,56.626913811905176,110.04672005385451,68.46195762165442,54.995062548436124,1.0
22.605103748862277,20.845329350729997,46.92356622109562,16.100341224813967,7.924348978252624,9.631383779960277,32.528899330204354,137.26311268059297,33.45171326453663,63.95038902578831,117.24724578671751,48.78078038035543,74.69360140432752,104.68934096357296,46.13582180478079,1.0
22.376462174443063,23.42692491550424,40.26526406700343,16.495619101615013,5.438021679045509,10.39520285668405,24.729091572744974,145.1178026235384,25.24156133702932,42.99201249141164,136.1070908392137,33.46557558835319,47.02879580365479,129.81214755792556,29.907978196161395,1.0
27.026615115965928,22.5077434399087,33.047093995826096,17.84510176989233,5.194415464732277,10.033086779238662,22.441490027793574,147.9938348074804,23.83271410533929,36.259055643523794,142.83520815235173,27.175099333528784,40.37541948854191,138.6366600110137,24.28245539383171,1.0
25.919452859794415,19.3189305934766,32.23099451810827,16.896340969174148,9.206695520842937,11.976995949306223,24.978411892366136,140.87164461929643,32.93291958964429,48.61390006596452,129.70648288834246,37.84363591657217,58.121929482361935,120.28616035119484,36.58464323399416,1.0
20.238438357082572,12.717539840846124,29.99814848666284,16.62450472706539,7.162234917491902,9.476228668737996,35.79988305953539,124.81677701011755,32.1546167353632,75.26384232439324,99.94731076159495,50.766518497857966,97.95393111008467,76.70410965188155,60.75149776169565,1.0
20.069755567695534,12.228074768842331,34.60804394981909,14.937275216240968,6.164157571898284,10.00305832617164,39.03369740458071,121.25139916843021,31.637322694448592,80.44224259224518,94.4661200302817,53.14294624133845,106.41763824635048,67.16765726591981,62.77914449161744,1.0
18.180644088907734,11.650706347039074,39.68552490613677,14.209827369983845,5.7655481477735515,8.743599477330092,44.54889121346002,116.42005951600585,30.992363657580622,89.46863389407591,86.00673604421333,50.03143984083206,114.97118466939477,59.078908385765494,59.03550913056643,1.0
18.323086292606188,11.20740303409788,45.82641184584911,13.767603919656725,6.252467285827709,8.213526015326607,48.38077679949404,113.66778639111618,34.390241518145544,96.52091553464578,80.95596897260155,59.129810157954985,117.71752109983076,60.578293143545395,65.9484889782249,1.0
18.64143542503213,21.504180128404688,40.80844340025754,15.458049800244508,5.360914176767474,8.413067280398725,42.0740640409307,122.74307905861066,27.778378281152257,88.92704060633716,89.91032857911289,51.17706234764744,110.84408022854288,66.65207070382259,56.339727049333874,1.0
26.21092656839942,31.480709917175904,38.31787502423255,14.390258488550781,4.3467105766476335,6.673491168391944,24.941548612257968,142.36026543569656,19.58588685730345,50.963968147122245,125.37617041384703,34.96318047414893,48.925671921458424,127.79831955041756,29.068458732720128,1.0
26.094264893763825,28.1744351098906,36.307983721340854,15.96401048884112,3.754595791359643,7.761956084180038,24.027303921145442,144.28074783482614,19.936006458232463,40.93687052424073,135.9046038833952,31.837658086508746,40.66346599235307,135.89922285667623,28.204359772897373,1.0
20.656716493623446,16.88461967270922,29.055714804981836,16.734699540704625,9.281587217528172,10.21585118831307,35.07993324090214,131.549191083162,38.08109760628232,74.17031434874556,106.17363932275538,55.33462826283165,90.00528437385185,89.91341747512682,57.139570067342646,1.0
19.973682681056186,9.031744476797893,26.530646945335988,14.78128585182203,5.081265046348558,6.421074148303423,53.718308746899034,103.24080517555268,32.61671532340653,94.88494647550426,77.59807035006335,55.352349378324824,112.28162026330551,58.98602933209565,67.59482883605834,1.0
18.914329421376134,14.55580748548041,38.055546914520505,14.610190892959233,8.754076577450611,9.15891385253409,40.711165187829614,125.31502231854563,36.10835888620751,89.65232473456852,90.12275537847175,59.67241317699623,116.99935298850296,62.49819003741284,69.2195702199265,1.0
23.704659033122937,17.0822082376058,40.022815958546765,15.636783072435058,10.09894800248327,9.209634888071752,35.22931440627052,134.17145779716043,40.44026220338895,79.91442061627347,101.96991854389688,61.418264988199866,101.90235324977012,79.48166124858486,67.81383643952812,1.0
23.085130490079827,8.536726306821238,34.09870856027943,15.982770015096811,5.79604444035408,7.7229548393917025,57.686770598630964,100.16390941603845,37.582986894923096,99.25436682694937,74.54846344255351,61.021961060356816,114.33664409438569,59.222423955721816,73.0888550016817,1.0
22.570984891205292,20.628048713432708,38.82423845722392,14.885170986421883,9.709747372074032,8.289982550900538,34.11223850850255,134.99917058787852,36.95537039590389,73.93871113792784,108.23454056616623,57.40353921617351,96.22812942737342,87.48503987318952,66.58397221103519,1.0
24.72707507018127,26.419188827265707,38.436356602153296,16.77134572360461,7.742393504057979,9.799396362948977,23.908303427788503,146.55264163803756,25.920025001045236,41.851541362769474,138.06943028720582,37.46637344482918,44.459478503328725,137.02306886177206,32.76477674733588,1.0
26.3635898738895,25.951123097424986,35.19608353715447,14.665963943486984,4.377589968504789,9.038138501777473,23.258824453646554,143.43572597786041,24.526024366647576,43.9106933237946,133.5848327018948,40.432693050549986,50.45314207874377,131.0182347671987,33.182788979452134,1.0
23.88589397466452,27.121607200665515,40.0822097764292,15.700055140416195,5.792338022511641,9.489152247321764,31.49655426149906,136.0774872822819,26.06038277212209,64.51879456234884,114.06288255426537,46.7902767819585,69.54431857616885,108.21875462654408,42.10336661102324,1.0
21.434397788534998,12.385764096798413,53.1030244121735,16.88383241396422,4.875793034532762,7.416340610443343,60.43024546033337,102.56215726859804,29.71196394286831,111.81495143466587,65.68923179669422,56.527321625148865,130.93221683205024,43.778912223547046,65.89871516930599,1.0
23.47134236838032,11.344688444004053,61.08799352897298,21.288135926657834,3.8113247402608565,8.013768342933467,49.651201472465395,112.08515789737604,29.467688834687287,92.89864599597192,82.5656256683421,44.20636311132812,111.19524454058535,63.28464349269958,47.85845586050581,1.0
20.627225644853972,14.78302887080333,34.78605472660265,22.663648075111304,4.131195773138654,13.17288567705088,28.14292159668565,125.67314282744621,31.730961259674093,64.30778548216699,106.50289803055821,43.47375476500472,80.51540865626703,92.19030781661655,47.19275805409165,1.0
30.64894796005338,21.325997268942615,21.639978781007517,15.170323171605116,4.967843598960981,9.171339173973422,21.926813803469013,144.40865571778647,21.023963977274295,45.45446831746489,129.3345947571438,25.90596476015707,47.274924467499446,128.00732998743743,22.474906994963174,1.0
28.705889196076196,26.538236924669953,29.13159911512461,13.895475744839585,3.7272570663399285,6.166904129761331,26.59319192125085,136.61052065461138,19.003066342979054,60.207202819692334,112.5251168652264,38.07882168038205,66.13566330461097,107.62344157578531,32.10571667236624,1.0
21.349690076721565,14.031963656941926,50.94761041042636,16.100348744304465,4.341817441354978,6.381127721719424,44.44704152158325,117.9047435675319,32.35423107574834,94.23872039529786,83.09478674572959,58.32116371359295,114.1433035099063,64.15974952451076,64.73897808324867,1.0
23.412877057792596,22.47450793357993,31.184497823361014,18.47324057187785,4.234943285580684,11.08876164684506,23.172158448243838,143.83012114274325,25.114846976715505,42.76436229697341,135.04323509773414,36.17625722065937,44.50445634616335,135.47427278337312,31.506196554928806,1.0
33.32252066731896,25.835757011342515,28.243923148491902,13.832758325251454,5.180802221637759,8.538917391274635,24.547291579604916,143.8147030825893,20.129911027601185,49.135529662919595,127.22778794565524,31.22937490338349,49.12558266222666,128.1460026474164,28.4879482072517,1.0
23.13565113690359,13.857829181758701,33.24527348384161,17.55262342039889,8.422835717601458,9.434929944147992,39.00490344435979,125.39478735135447,38.054782473257696,81.41424928291956,96.22158058824053,59.4908513170527,106.24235223696049,74.49111980934539,65.02521100128556,1.0
20.18731356378005,15.770694615960862,34.35043175509756,17.368539849027517,7.774408345028055,9.731307011675504,32.749440584874705,133.54750048481083,34.88626542530709,76.60293728495789,103.36764942541963,57.38531166013983,104.10792669421556,75.64998011893582,62.41822037141672,1.0
34.47966709930461,30.879150231838377,26.01285353027028,16.232522638545884,8.083147911883232,10.656889942057404,23.362284492317514,144.08054372235574,25.0134040045577,46.06069798661233,131.22056834086956,38.22974106968152,48.24674773514424,130.01833397700656,32.86833057147598,1.0
22.132899032610343,14.736956509055908,32.24534372650165,16.115617914270608,7.1388825463981185,5.535548617239641,54.4060368599343,107.74628944083364,35.31697991478268,101.35306818748964,77.15179513184822,57.09776321864575,126.59304216828896,52.407567676409045,73.64816451556337,1.0
19.80910902267529,19.374575681502378,30.898796939043812,15.36141018142344,7.471738141346388,7.568861249840771,33.68079786929799,132.28126562140054,33.21902313848346,78.5473786028352,101.68243375010073,52.417177945094245,106.84622741976507,75.78193012893263,57.4765818071256,1.0
23.507727672684396,14.523971467362239,32.05147406706719,16.060891323255372,10.066293812272194,11.885986773632695,32.05638561073632,133.64422311686752,35.89789683774246,71.94126834495721,106.12575795861709,55.660556646240465,86.00594677522646,90.69500261739888,53.669290165735745,1.0
21.984706215072393,12.72178637973293,30.604943370168545,18.861956557485243,7.927052881430184,9.573745411529107,34.68062275133184,128.7431775808644,38.81467083781302,76.20488415713072,100.99444056312817,58.65381915440226,100.21633845926465,77.77148405571053,65.46387496081547,1.0
20.20989844962522,12.392454162660771,23.481086584479367,16.987394849814343,9.487840933169435,8.273847411544455,43.41993566193208,117.13389237265878,36.07031320181037,84.03731222553102,89.94513614747885,56.52720978643687,105.35029863670724,65.84050000503348,61.88485551988041,1.0
32.85099739604114,14.971508393010035,31.33269023540171,12.225425158569308,4.187936660433052,8.752209301210376,23.662982699014584,132.7281879187668,19.777788499272944,56.770453378455684,112.74318968848155,27.75202039940316,77.9460303196025,93.9369923878413,30.718939575159727,1.0
26.44717361062428,11.755233162448532,31.19764963208013,11.656602805424425,5.6057867055996216,8.319459361888326,26.36003210444349,131.2619057178111,20.124433198544452,57.247611296909504,115.10507555993551,28.698373485103716,74.25718431430323,101.42479026483403,33.747711432632805,1.0
29.504607831133715,13.247177719748972,33.18853949154183,11.092173819735006,3.8986670454144186,7.295332444773191,23.127482123507964,133.08432884237092,18.391464967400925,52.003416624909114,117.27559343693747,24.062502314284053,66.70852811029945,105.27365279885544,26.264841405121086,1.0
29.723935883643694,18.23629643923476,31.080822922799964,10.223057908797607,3.5756574257601805,4.3547736973342,19.001935639760948,135.81749536358777,17.6626118246678,45.504809111127884,120.9328622433139,18.920430761868374,55.70724241963373,113.63911284128618,18.44965964548479,1.0
32.43839990221696,13.408841244437715,27.216664732856053,9.826727017103249,4.521375629403915,3.391637379353462,16.333409008263036,129.4036798901959,24.01179201922673,44.16287339466899,120.70380319309193,19.117232137116545,54.983817468002975,114.59416035721388,18.99543438689402,1.0
25.954673322801785,10.209360541769776,25.185511395345028,11.391742768215956,1.0822809262150523,5.265239727452505,22.474584145651022,113.94058700703765,25.59513959569682,70.17505970914735,92.86517968305215,23.087284082645745,90.34915913259593,72.9062199373131,24.357758210531827,1.0
19.678452964582988,6.823971520104185,19.25932867412781,13.685356365151057,3.9849922876037915,7.965175690065113,38.50768529444541,111.82843996647998,25.036031570264495,86.69343206248436,84.6950988124813,41.526450057446326,104.72377678855291,67.66332534182138,63.553512083347385,1.0
19.508387422083153,8.20188032900088,11.744273795906485,16.956595838914573,5.296514839488986,8.329747785142668,51.54471040206171,90.72125054865371,32.26480354992529,84.3929197777516,79.16499777146005,48.18324544010763,93.80004702780822,68.53048419365149,68.58617642225225,1.0
26.004654091857756,10.282984687856738,5.8842453606329235,16.506870425395675,4.375844932439359,8.311859638560042,53.27025486052818,97.78661288845873,33.24525634679537,77.48197451778005,87.76753495780972,51.3085192702871,84.5470884872392,79.78785331508558,60.3603718686646,1.0
21.332269335862225,15.262545165237904,12.03028127834403,10.716494148469883,2.3690570161727535,6.805399381891782,54.328282368881155,98.46218291574667,43.32844732272688,72.81025962773921,95.1861017461867,61.964688475544364,76.81230328683108,93.07650566587272,61.668703511636636,1.0
22.37752636464056,23.861486365501086,21.34634203143152,6.580433769726131,4.421197316760972,4.229246349177782,48.951123669938106,111.84708286649554,44.67977782933616,60.98894414245972,112.29373379227198,56.03006426408743,58.52335690551048,112.96143476665422,49.29485987903568,1.0
25.496645644752775,27.153645416236984,31.64682374169787,5.431461017570379,4.1806114093631335,2.9761964857475927,40.4086588630165,125.05557842908502,36.15054911291694,47.971221754630044,122.0461421894807,33.01911007143991,46.81141814583614,114.68726403970932,24.762404992886236,1.0
26.09148583423084,25.830654729853563,38.99847631381345,6.190200100493699,3.93505438643298,3.2324326373476215,32.59124719213225,136.41624728503047,29.568906581103803,40.88011047529259,125.29259487019526,25.521167396669977,44.49847771429074,112.66144006515351,15.443715423805948,1.0
29.789644225788425,32.01841378623642,40.15051289302742,8.587622493653098,4.920240701537119,2.4037881880711907,17.190513450413153,158.87628507216158,10.133213486680647,17.44744510884381,139.00309777899986,11.225080221432219,50.46094703058965,104.87398924990886,6.161653678165145,1.0
29.27719523332999,36.341773807935816,33.69388528701827,10.621856820343606,4.681181006880678,3.4735873569563194,15.18211154738502,155.35660870742586,7.726741306050578,47.733566107971505,106.1731535392966,19.419544933004335,75.50851009024018,77.10303849730309,15.12968765216735,1.0
28.44778304740154,31.47757846074756,36.08703294316079,7.851921984369273,5.399656657569587,2.2745608689619754,23.800687473986635,151.6025895401798,16.265444256274222,38.75303251939784,126.52161642603507,15.392964846226024,64.40795419165389,93.01195662117328,9.601471290092734,1.0
25.288623163368783,24.68869946180769,30.090507119199373,5.624773465862453,4.430266998055689,2.639424593594984,44.756955115696755,123.13987678180942,35.70900070542603,57.17093091394888,115.47642830988252,33.70014487267422,54.61485670226539,108.24199387581474,24.778527207117232,1.0
21.757953783226725,23.258650061606367,13.150377331412336,6.717890160191245,3.724273691743848,4.7713769235357,55.17733121787759,103.05363390628229,44.9683763343922,69.59454714392757,104.42772393477388,60.92866377323111,65.55330643959314,106.45429874863179,52.70461344209112,1.0
29.266961959617525,9.598486436651438,3.454728484795477,12.984925041495726,3.1575613342206954,7.063178802463686,56.72808860511555,99.40598444603873,37.3526451282357,79.23961837851628,92.57945501776412,54.1273617295839,85.98626125603181,87.7523406492903,61.78069056154907,1.0
26.971016080460522,10.022223861642825,6.477749763305375,13.950434583134747,4.060906182624668,7.319909449844969,56.76657746430784,97.52287405493641,34.21543770958176,79.7438020056148,89.55887336648621,50.79246658934447,84.22490226264395,84.23892415072818,58.02857683681678,1.0
20.73364315009935,6.672251523741162,17.79959394987239,15.632635798873578,5.1453362651323795,9.570833544201674,48.86899856840193,105.00664344892135,30.11924129321561,83.10505700337022,88.85726393463392,52.04016526440987,92.80235296553013,80.28920979770815,69.19860413261887,1.0
21.618450159337335,7.318308221702712,26.103145397970057,11.734678690967199,3.032234747524303,8.507158205341717,30.821174693265142,119.0537357684923,25.425732576012024,77.84059771060271,97.22708931008354,44.37909806033789,97.63553461680269,81.03156811842219,62.46915213913138,1.0
27.58883372801765,10.323056689895463,29.124440840457517,9.958898768062948,4.296943006497646,7.548402602572395,20.813859030792624,128.8119252922645,23.995690184296258,62.47010110568945,110.33338483186792,38.3853397831137,77.18186270811145,99.80526162886481,46.9894408884339,1.0
27.709464818465833,11.498785119141884,32.10264939472219,11.245766098498454,4.824055611030563,5.057448902891286,17.77801547400597,142.4935325387764,19.84341361047349,40.38246250081604,133.76880789609814,30.56511689585436,47.09752015147933,130.4158140349343,34.99522038623434,1.0
36.56814951709833,16.23486473978079,15.247642202215676,10.489581394926223,7.5834517366315515,4.27330244042066,18.913994897661624,153.6129454427613,18.33941471397559,35.15351928878503,143.99007839721438,23.14491962742391,40.77215868874523,136.64764066744257,20.55507236075031,1.0
36.8877999648281,19.95046432533676,10.702581512238615,10.018539619091298,5.597574462512038,4.182501313777907,21.742924274961464,146.6290485542061,21.37840078288096,38.930472327575146,139.40640845745045,24.033350938630477,37.795657175634645,138.8496472969647,22.001817403853416,1.0
33.47632146773789,18.99980874149766,19.46002775403475,8.890955903640284,6.049264236579841,4.03217404981208,18.930863273383174,149.23073232375896,19.687658585430817,40.86342929407268,134.22722542188183,26.292485443477794,38.22081595232672,134.4858605203224,23.38286820077551,1.0
29.470925533538548,25.309300175051288,36.40866955522628,15.101995395721614,2.9959263373614986,4.560081439862066,59.182235629820035,100.80210080042615,13.09126940720793,67.92448506256171,105.65976180808343,18.04193990810061,67.00257334698922,104.99153872387517,18.24489421368687,1.0
32.403567396616666,31.362837723026495,37.54632477446461,14.105464233725492,3.921021736103441,4.147036869676809,83.9620016000803,76.27276805326362,12.266728234347065,92.73550444499996,82.08150200709909,14.754306013880639,88.58627945915273,84.29670590779526,16.187378864533372,1.0
32.18746908651929,30.74943946197939,45.16512766102492,13.204709509957937,3.5372668964808778,4.25568954581478,95.57864641856088,65.32103020646134,11.117010869148231,103.04982005477267,72.11875243770925,13.5521577378152,100.36116092775369,72.25753948374087,15.900419198366398,1.0
33.47275874197592,32.90181127917962,42.46644111196996,12.807192926374295,3.7211772351759755,4.2515842364609595,94.29167902933729,65.9430548883033,11.494042061279748,102.98513711681545,71.74228848914359,14.389780329900058,99.56390931902278,73.44774774235594,16.902535560406722,1.0
32.526649655259995,29.98614774470401,44.34641037686851,13.720712393216958,3.0712627294357207,4.321940702917201,89.62933558225342,69.88770253753401,12.210451997023409,98.96414608833634,74.7287257130164,14.98168061996512,98.2848292555632,73.19224672774595,17.664095215012775,1.0
34.39982868562588,27.153205208696143,48.83945096535216,13.113373410967743,2.595353308917386,3.96462740524277,75.47152409852575,85.77355030092541,11.908119721385699,75.21497307138539,99.2528265205979,13.601539594132808,71.20921543770106,102.5735813123494,14.898646130318372,1.0
35.620712085850464,21.278648353631905,52.383816155315195,13.803697354405406,2.10382808759328,4.12199897073456,47.839563061473,114.82119306479865,12.543119426778967,46.98022414509745,127.95084298138822,13.540693137211997,42.56273017467511,133.6124919102281,13.873428007821577,1.0
33.53294389290686,19.060145738480127,54.71886163725815,13.373686164938592,2.3025223800743584,2.6984187202190784,30.31901721595672,135.85024884404768,12.628480770193962,27.0842175256404,148.90443755136795,13.548959930595114,19.782609890663846,149.96980675596112,17.440432513973892,1.0
30.816475278649314,16.482117539475553,44.60785574998284,15.98090129184047,4.2612079486061765,3.892733743518303,22.399044119287343,150.70297880884684,11.590669650908003,17.498384931808765,162.0863724312652,9.604515832586198,10.837259388050663,146.95501850954813,18.193065484824867,1.0
38.86767213206084,17.25110559997871,41.884246535651776,12.7187994561772,4.787146266559047,2.343794227537137,18.330966412339777,146.90485763308988,14.722583129179709,16.452200874237736,153.76101593923042,12.370868077476645,13.065946844873483,122.96842677804321,38.262230748005535,1.0
38.183221799555106,18.068268873553734,42.804309051334776,12.553048339615836,5.051495602882174,2.6136213384137674,19.895899862852122,143.26251687987696,15.325237572552789,17.989473053958633,149.70314023595012,14.154704415853223,13.518575404547308,113.29983608747999,44.93240956525738,1.0
38.327643803229535,18.04912983616416,42.33200697938668,13.22157265860293,5.260263958607956,1.6304152131456797,20.262737544901043,143.82889408082752,15.777476386794035,18.736854840542026,149.8195671474303,13.988258057141291,14.03335083756947,116.15553078768646,42.705511529394876,1.0
36.30798861310267,18.500305439120687,41.50751006275226,13.50187507800099,4.908533843301308,1.540795552930722,21.135105422808962,138.45142731681642,16.650356560616896,18.936042109573638,144.92528966593343,16.459326730500383,14.29916496113007,112.8931307290945,44.10010361879273,1.0
32.20629005362273,18.915842697829305,18.293552508996942,13.56368773579261,3.2908575232607378,4.2408328522552186,42.20738832433251,121.04121848109419,13.177180744290215,44.036970237067,130.47588465167595,13.75071401836448,34.73084482631027,137.97615939638519,14.890158638003593,1.0
32.559655044989775,24.367208964973344,7.188093346039882,13.945969428421066,3.6963520344510417,4.5773012286298105,53.04452676711518,109.8163613847822,13.551953855127891,60.21383789828294,115.93977049434086,14.247065629041595,50.45747887817899,128.0924245583688,15.229011804679773,1.0
32.20451671078275,27.668386978444644,37.08411070468495,11.709062553144793,3.1909355352698987,4.043511962928232,56.47171319632655,105.54815834717776,12.333913991189165,62.26270674715978,113.61111444700781,12.433113626789778,54.12431603879082,125.31711879098619,14.526734745553446,1.0
31.203846182010306,27.92592702768818,40.68627070094169,11.535918755738187,3.095836015962015,3.9618566815323324,56.4630105572753,105.38539954807935,12.532087953220566,63.28869654701349,112.69519979394781,12.561053778586123,54.091690171206146,125.14372837146684,13.575223368412892,1.0
21.893983839048893,23.143870664491484,55.161907976624164,10.790323095705716,3.3347691593444346,3.6472388722325246,60.719434585676844,99.3683229472665,13.610096450007468,74.7597499316158,100.26093929833367,13.919742310674136,68.226547454864,107.41291267485171,16.2298603859301,1.0
8.811548225818782,12.054467691338235,50.18868994149953,13.773554099658591,4.363673355762676,4.42049064355815,75.98159422601927,86.08290648276875,22.005709609175955,91.31792731936234,83.99879314619031,24.08554120537877,86.03311026625857,84.45208326711314,29.375242895305103,1.0
11.199060858261769,8.907708133443032,43.8684777648468,14.188021453284048,3.131371266706826,5.188633725880122,73.50127192802685,89.0200327824145,30.119763889594726,88.0093803143474,88.6154445634166,34.28662673676583,83.37393342934412,89.20299685769692,41.203279412020876,1.0
21.3575856314933,13.147398146320807,33.20741655363693,14.389102563245784,4.573542280847708,6.967346597067413,79.68486437277276,87.39112560971816,50.90637523724103,86.3614985667519,89.2173029974691,56.39318754845403,77.78106473015414,89.94668476420763,48.66453387747839,1.0
26.042848469044245,15.335605537155267,5.016579367452702,11.902531563678435,6.2117213852369275,4.535950437040415,77.42871767830314,93.65774155094005,51.90728603631554,80.75194270310793,96.36182287115318,54.230415725733536,73.51229869526603,95.10356401665035,46.03743623623942,1.0
21.500770235821655,26.865566372993698,27.240685853869223,12.204420599154552,5.7136778549067415,3.41493885475564,69.51702330516586,105.55524448855198,51.21580919194988,72.51119903452098,106.79040159446038,54.227609125228916,67.35758338104479,106.71939364359112,42.10798882727392,1.0
23.623627192000598,31.58426056794323,36.87220224964037,11.035172649589402,2.0458521433129024,3.876769002391663,70.56699080082417,103.48507120195686,47.37878745193921,75.09054143790489,100.92960923759792,49.7551464459484,63.744896826170326,103.02625460208577,35.474821261872165,1.0
25.85749996061352,34.18393138621542,40.07691546047166,10.805801024206538,2.1446613254550666,3.623458869669632,72.20604086333577,103.46193265990655,39.35725423885075,75.97149622945058,98.26059183092485,39.96282898466868,63.93028673853001,97.16756949862408,27.50381247525597,1.0
29.223393134792996,29.566592339573,42.727677453565406,11.537774905381545,1.6054929789931984,3.004937133103272,61.76613858280794,112.6485815918481,29.12542939701618,57.45531383946066,106.57966720206198,26.813623704293963,48.75805670598018,97.3347650843669,16.95157376083173,1.0
33.71796437622088,36.928886414629794,43.53057673939189,12.817386926807735,1.915517950951773,2.603821437201134,85.55029384197093,96.6301989347573,18.718351749864603,109.93675077215025,62.09766270329356,16.81528800628124,91.0669830951059,63.06761234490438,9.588937379540639,1.0
36.135175767831335,38.26987406149406,38.67310344001893,11.83602459897475,2.30166841139339,3.157756034409067,77.60660161302565,106.8258692710891,9.169936421182257,130.01924693531967,29.212372540179523,18.493721949901083,100.71235379212796,52.43753566376628,10.177327666444075,1.0
27.796703863442925,31.36937274373963,25.84289180888338,15.025209174770344,4.738241672829267,1.8829661287870672,46.90514644310283,123.42178015810535,14.78615663764825,56.66822658963847,104.51503721438638,23.27788909507722,49.88736979766483,97.16688973854218,18.98217388886567,1.0
29.28330740426023,35.71986054311434,29.043839100045634,13.521937037730007,4.569273126123774,2.3906388138249257,56.30017229277896,97.72291701477616,17.93726531142023,80.7431871248783,69.08398699316716,27.5067058532317,68.42171256171595,75.17754893999313,21.86617171819809,1.0
36.52033054740301,34.772595975127956,47.002462294126865,12.580720489244209,2.4519970911956377,2.8472897736552856,91.50589405655697,89.07117725765325,17.413448253940427,122.22326216995368,43.01454751286889,19.519150400258503,101.9240177375261,48.34463879299995,9.19734199954017,1.0
26.529175866333155,39.65944392770601,45.181161187530265,11.905032469771031,1.2961275230349403,2.1631643971488623,75.7889764114824,105.39956640020884,36.59685455366141,76.20338374098715,101.1362236763725,35.08632564117904,63.11496039000596,96.78546243872314,22.09913990879306,1.0
23.43251184459803,34.38187829640702,36.453528842141594,14.404528080829856,4.639708544852813,4.664075553601318,71.0260534038917,102.2906830612321,51.38091229575119,72.27697312401439,104.1747975542816,53.57223764602483,61.95270322702072,108.09299108491068,38.01807444765168,1.0
14.87748955980203,8.943807538630848,43.84410157685676,13.653015551641342,3.9909405076528834,7.53230187924581,77.23875118025721,87.09633388961329,36.39357148398725,90.37447050181737,85.17573820543363,39.693556077687006,84.95819613773435,83.69599004394973,37.7949479125363,1.0
14.500246915809402,13.238376015521883,42.04486142560769,13.162241906991822,3.028320968609026,4.843475105977381,42.65163460646003,120.43716386692114,18.359355454369958,59.74322428964138,116.08332420364432,21.579184679969224,59.47085950252287,114.41055072571072,27.449944286924556,1.0
38.61614845136444,15.497936151356287,22.56907458993325,11.987591901390251,7.0939635324195445,2.4727692702087007,22.64084573545731,146.04349037294597,14.444263953502599,34.45489247019616,142.2588519309061,15.026755323721627,28.136025862944955,144.65867708282263,14.783135974292206,1.0
37.17645356086415,15.712984973658598,26.226092891971998,11.924956964299867,7.372315033351569,2.8033597864736275,21.827251099712445,151.1682970515226,13.73877693267196,32.02298784152595,146.95756684892208,15.062816486280289,26.40915198848146,148.10052909832035,13.140963539731374,1.0
27.48639249775085,22.54331693552331,17.004737223085552,11.210921861719678,4.293596373897465,2.893216209524481,19.590773863039644,145.94082301252757,14.423930419092628,25.957317839004656,146.22182226863586,13.366195432584275,17.70653979930765,150.15519049881448,9.79807889763412,1.0
23.61660222788729,20.982443730168953,17.063467592918403,11.318323838130528,5.111046237597851,4.268526417530156,21.87991719405544,147.74098362974607,15.79307313280659,28.840272175756503,147.9045459167837,16.085193528672963,18.870826582990173,154.02377895023355,13.299914615012694,1.0
20.454630142954535,20.708284015902994,19.64269831844447,12.622561292116055,4.9373776742097215,4.984551811501524,22.99188901265826,145.44890794035095,18.061618082258338,31.93601080835741,144.34488913941388,20.68769024585124,19.418630931142445,154.12162732188952,18.473047356246795,1.0
15.499616045996598,29.016607850352084,19.71315420869681,12.759473529957969,4.628667864515265,5.204092558033849,25.05199520387116,144.31453680596442,17.047081342307102,33.95219245888165,144.10421862528293,21.042815342072792,19.692768600725636,156.11814273468664,19.5703481951044,1.0
24.008011542951987,55.790945330146265,27.609818266991972,10.148534381351544,1.4290069153195657,6.543463795409278,26.785468128536916,141.82803735372067,11.897964925649735,33.54613982900589,144.43591737078555,16.11715126747098,21.521860997665016,156.31561098762182,14.632172515319922,1.0
22.881733833918712,54.282069802125285,25.180363553381767,10.468948958587854,1.315384775485229,6.287983923380469,25.13708657639503,144.25047401632298,11.33235004061843,31.045113405124404,146.83368891027843,15.023221164650725,19.922482745149914,157.56431452794058,13.631098301682005,1.0
20.83681299159359,48.403835344175484,39.15873842989323,13.48909997175509,2.6514980074567513,6.108650905653705,36.97734146501622,123.32562589649667,13.060757367460177,53.77140932971984,117.04450758565463,20.422311177627872,48.66523724515841,120.48783078077122,21.666464153323215,1.0
17.68326598822183,55.346267756869096,44.473540969978934,14.070554688046924,2.401782217804982,5.6424296007519015,54.017301931107966,101.69229955348351,12.898710854101035,82.878169841043,86.0451934378393,23.645505221175483,89.51715666618729,77.58158572484749,28.95841887154568,1.0
12.638932045984943,33.47909413559122,68.10193384200824,16.943693509320415,3.0947637765063836,5.023370889695137,82.0924033540582,73.47786824386621,12.45601810080567,118.37705403559772,51.10887816046809,23.140986457656993,124.0202882828243,41.646032948264455,27.301612507438943,1.0
6.586631456420032,19.664917028944146,74.68465679290107,19.8986193509359,5.672098023300779,4.404293605885734,98.53679538655906,57.8421998151894,14.297449116153834,125.1532059781881,44.24561261809399,30.75849748018199,129.44857975546498,34.16978103180756,33.91450486827974,1.0
11.427317549324334,46.399496336503056,67.51187252273157,20.121580395415457,4.4225678800609804,4.037048838114956,120.26447719817061,36.55668548438453,17.11713630508121,137.55659962823643,34.612239041831955,68.15018321239755,135.80464575518047,29.943310498165534,54.229097674373726,1.0
22.545440708607945,75.78102786360138,55.62223864156793,17.820721903862975,2.580061574398625,3.529442758657637,117.29790740956605,43.68171717675149,16.6265572130711,131.97330268395066,44.312828260881375,38.1156033876979,130.84587443187345,40.97186778106068,34.00588703783236,1.0
31.946171904180652,75.23522972953184,54.20986616404076,12.488626934777889,0.6721158659831249,6.690006074056675,62.848294592728735,98.87131759596306,15.409007683209344,80.22294500715172,94.08049048076953,28.073650747830335,81.44261602179658,89.77514985777457,27.949056022334833,1.0
28.755538117496044,67.52318214072359,60.13146321344441,11.601976764362462,0.9829522946385193,6.798072228308949,56.81100075470885,106.42880326642158,14.897302667174808,70.40387183265854,105.8011704590683,24.865005214232575,62.21835706710728,111.14979560216224,25.956031836479468,1.0
26.15902639911386,47.71072401549499,63.805787527293624,13.909196552612775,1.4071643961044005,4.6931382653657785,41.68823089511087,120.82181561270204,12.673156816035776,51.84602618836875,121.69145865754861,17.0443124958088,35.90942834041668,135.70597626057767,15.93132193084463,1.0
22.28795020108574,41.35638311387602,75.87493383036173,13.694881537873437,2.2440503438971304,4.854010464772325,40.768762570215515,121.11739816531876,12.903821882790016,55.50881930840426,117.22056221833998,19.209578244156855,41.989865307069664,129.92962877412225,18.11065209584264,1.0
27.31623453874199,34.60788824832315,79.07180091015091,10.955753085930834,2.1838318596173343,4.0797855884422285,32.00316363938999,122.8568830995767,14.69420245413381,69.51601718638194,97.74335181969268,19.34473666639015,68.6296128174667,105.1957404691273,17.19504799146548,1.0
28.10384317915304,43.63314496702469,38.72606024567211,7.010227311466763,1.1783923506678764,3.4918940661921147,7.3015767874118405,2.8527867191656617,5.688147425369678,13.571215566119324,144.44669035298153,15.550987027871107,13.955590097932426,109.68569314417618,35.775321733246166,2.0
25.600473765306955,39.39807709613296,43.54064106377357,8.361510757804561,2.906120216921088,3.8032245385696153,8.50272429592755,3.244451258591328,5.052087369066665,9.259028277206417,147.90839610886616,13.013148005430466,14.302176441714012,107.61636542951113,30.266572767393683,2.0
26.132717009269182,36.127838145857154,59.03934098533195,9.215068674999197,3.272041713194476,4.1135786813233475,9.542648282501153,2.6873521158940585,5.696368903567097,12.002104875480045,146.49856164627255,13.158507152052717,22.509789744603037,107.94352493803194,24.86467949860343,2.0
26.918001733270344,37.07657627840894,65.81265453099064,9.714129423567236,3.396352201393501,3.09786265471719,11.214269983279825,3.2977449823014946,5.370760128813625,15.346597261589984,145.87052093120155,13.511341328152927,24.530506245154537,127.79082752442271,19.3116859343864,2.0
27.09903647552367,36.39534461512752,65.08219858531149,10.141721958751926,3.0148103206253953,4.404323819262001,11.684119597263724,1.6786146868988012,5.600163262871763,13.347601972661044,147.65536416486313,12.74438431525418,20.354101692277307,126.31200278219973,18.419935350769034,2.0
27.18420721327074,38.10940529240301,62.780260226655486,9.887638634974115,2.8578418720023966,3.6170778438280626,10.885067246857112,1.2885809118603713,6.44705752335818,17.125692088426685,146.1863728164331,14.084647308672267,22.702902921356298,131.06719562665788,17.212956151322178,2.0
25.912990885354986,35.61721405666552,61.80664083105232,10.064405357488793,3.4007811891407798,3.946452416879063,10.487484240940875,1.4861900570904272,5.901018841875557,17.8857893664482,140.26743511641536,13.271686693876138,30.99704798747469,115.44819276445102,16.815768621073094,2.0
26.483746365125576,38.530235779038215,57.83990560394209,10.23412863129706,3.1726592576811217,5.304225440091583,11.590421023661326,1.2055417437439713,6.6180136786222485,17.838759593234418,144.58201869822682,12.744852039973424,27.22777879019644,129.09151329524246,14.24770449406782,2.0
24.1087526375003,45.11572546476795,53.63320836048066,8.839550539980076,1.6713487474010142,4.892819349583733,9.861782419043646,1.4993634330693546,6.593369790468936,17.77538881288532,147.9863621327039,12.035945151975879,20.023756948881495,143.24583088780278,10.933979496887996,2.0
26.6370958448966,45.18647173623278,50.881035691114384,9.432973402466105,1.8439732292755637,5.544165876563201,10.410759586519694,1.6659323146708458,6.486053995856488,19.532027606966043,144.2908084885284,11.783473030249393,27.22208517983749,133.71594792417753,10.01547525044739,2.0
18.783539981987634,18.928928815680546,68.90087026532125,10.381221319867288,2.1365230345757493,5.531443329749394,9.350029889199549,2.7971905395004693,6.471654537162853,37.68753085287135,120.46387385168437,14.87615216742213,66.5832703923949,79.24405277822541,14.056066244581393,2.0
19.77912965960411,11.42407021928373,63.575956061978815,12.691060015137523,2.5179134272449204,3.7751364510426595,10.97776130694825,3.6747594594581354,5.757541207200263,44.99783533633998,107.2703143614803,17.01236653410057,69.13276090023143,62.66070019175866,16.165680861746427,2.0
20.382504280250775,11.160025478390622,60.88148470248305,12.625064202305873,3.084061121715037,4.087585793857788,11.414200765683631,4.674967569426768,5.796643293607051,48.303786753775945,105.4460343864369,16.694769942367355,75.06466043545376,58.569356908954596,15.52653639966927,2.0
20.2303714742197,10.897280391324209,51.76618879385986,11.52601513317492,2.7767957071734153,4.760878590798067,9.674135253383854,4.976123048383326,7.051204765902341,50.381503477383696,98.30577984794272,19.77828772920895,71.58361455420867,57.1140995556188,19.89755349200481,2.0
37.45170475715312,47.233141495454,16.23159307942365,6.672031425332961,0.4434995446065727,2.2743130126283053,8.903586275680025,2.168930185366246,3.6944132737046584,25.946420819929397,133.91595000730274,13.585141717363703,39.030739462221,121.31648965709087,9.27989670981084,2.0
34.158657347398965,45.70094427265729,21.496953197552518,7.898280968384854,1.6564101030090912,4.312556075357465,6.861864492156306,2.416093512958542,5.907733205268735,32.02131761564384,132.38156465716276,14.342662676149988,38.64769090096057,126.15609631132689,9.636514521421093,2.0
37.796192549963656,43.61877022820983,23.34971621454525,14.537084366261375,2.6286221782458585,4.12417459810421,6.289245493387154,0.34163882788478317,6.158800179899801,27.21225990614761,137.41110004610758,14.849637182950856,36.629727063399834,128.32842445137072,9.50121775976284,2.0
36.479128014628515,43.26283766656589,21.981974985806794,14.199773724677613,1.9953537825987844,4.300415590362724,5.491142542446722,0.7219561252716796,5.788653315825885,24.990458401627937,138.84634632085462,14.454553878784987,34.26683036234051,129.9609921340961,9.198222158649953,2.0
34.986818147488485,43.461690257678576,24.23118414460513,14.808328743805983,2.0274860801000534,4.10307159820565,5.9848183090787686,0.6425533861647872,6.0486467911812145,24.962999731241105,139.49516014548215,14.006607587559246,33.177237725221566,131.30071203273815,9.174458186522235,2.0
37.75504418573318,44.313905513807626,24.660561809089554,16.638065089978166,2.279670685666806,3.6061060721483424,6.107072977616094,0.8510965850338702,6.035115773629703,27.571050011373227,136.59256748975062,12.928449885585609,40.52154814111426,122.95575545554041,9.532872504620013,2.0
38.9127764186228,43.04689680618297,25.64190390492304,16.6955744948819,2.6112881422456757,3.7318623038271728,6.109135232035112,1.2222467840884699,5.9260217459697495,27.172467868569463,137.03575247735176,12.273517940644235,44.57130654109304,118.19839151406639,9.345997145037375,2.0
39.02427830112259,43.88143105059621,26.131654576635526,16.893773573644243,2.3121545536815016,3.564275271734244,5.843740962365202,1.2293989123512088,5.796680402141159,26.0754485478454,137.11113543269207,12.103398554051529,46.72820745027616,114.92417371756879,9.346745383005922,2.0
37.55261025165299,43.581812623898344,28.369549910535575,16.804802500716374,2.3176024009197547,3.100182429650886,5.78925206920774,1.4100414679474396,5.478779457614158,25.87191503242668,137.61431710650788,12.335196628885553,49.844533166535776,112.59183884115677,9.38892167253517,2.0
35.33220172022396,45.01922459791307,27.713204715756074,10.1232545946015,1.257432714629533,2.45318033744105,7.030530436870256,0.3251926596899574,5.376683235980757,30.309608159051404,133.7004985104831,11.956984240627854,49.417132606620385,112.62672865238065,9.11887965332642,2.0
34.453895715749184,47.014574483248964,26.992147144731106,10.319736172910291,0.6198456501165425,2.6606862762021266,7.065898788745695,0.610671769809785,5.735487376016944,31.03679433113028,132.59559004657703,11.780020479920132,51.06464475631497,109.78707601955121,9.340522306302828,2.0
34.936202788054224,47.37185695253216,27.318939636405176,8.70537373001375,0.9156421741510512,3.4978830719449854,10.172779147248743,3.5743586049291096,6.182990980947932,35.786394843481084,129.99053715369712,12.081927487798637,48.66501616125148,114.32784307047582,8.957214854469553,2.0
34.708532919569734,47.77273678026681,31.21915216491969,6.9594149579927596,1.6052319540919946,3.19233827033394,14.722169022006065,5.674104432523251,5.970443897760299,42.96877780657252,124.8787897065371,12.199797596867464,52.688616770062715,111.82840964874349,8.815865701088864,2.0
33.80284177882458,47.89465199793286,29.58588915365125,8.650269698132615,1.3593931806968074,3.8102586338239703,11.38871416895435,4.525722587942109,6.118021243623051,37.00480729305185,129.96303711526247,12.060955112234657,45.08090024140693,118.93756186969043,9.091658098692017,2.0
34.97999860767285,47.22947838519624,30.14710511777641,12.498727285940838,0.6785160041942019,2.4828439828522084,6.330897258043178,1.530699607773692,5.799461504227701,30.82142664290334,133.5684012701709,11.865983336908647,48.3696583321393,115.08083758877942,9.429030534322736,2.0
37.40677931169955,47.23050349969103,26.862865139161258,17.299263491339822,2.5649139644748224,3.706345622015589,5.7522957914345305,3.2714970438254674,6.414575249126204,30.297373425343523,133.9448714745632,11.29213888374793,51.039032055802046,110.86859011293541,8.806883666436613,2.0
35.25849382858217,46.699332175641665,27.513906525781636,10.32879501806874,0.5042502672816962,3.7198191395379405,6.676582957902753,0.6950151249509031,6.2827623517318525,33.508769096132426,130.31647178513396,12.477226787960548,49.158875640714406,113.12002389861661,9.286470347310079,2.0
33.87816878817491,48.29879799875982,28.610293775407172,8.135781376320068,0.9428672341842832,3.5522738654972343,11.934010539211519,4.179531584172324,6.278428147999874,39.8165039121801,127.08447060972749,12.347701209109053,47.45032480525737,116.82159016081548,8.89047283188877,2.0
34.467252831269384,48.15448848790871,29.979792274516527,7.540362121441407,1.1427233996750068,3.647003168413482,13.24294144059736,5.14421243637363,6.21599725052465,39.66847373403021,127.58898907796024,12.281855212802597,51.79055167618466,113.20127356109481,9.405141064636581,2.0
37.14893665049038,44.486980082807314,28.30095089892333,16.724572344118886,2.2938727579140106,4.066095625608562,5.556750781481231,1.6922216319174561,6.591616764779719,27.102077144138253,137.0891789893545,12.107190266358183,40.20354843067659,122.56687256339053,9.451932366684007,2.0
33.944469667581494,46.44857703316802,28.47621698207464,11.011120876943778,0.10194078803836723,3.56671681769679,6.732762912762716,1.0363801951432945,6.182783403187006,29.722943390551826,133.69575796503585,12.12940666386372,44.47575348208471,118.08311898057916,9.358144433098621,2.0
18.713875948164784,39.48001810429804,40.480350062840294,9.627935946425918,1.4966832135787267,6.550111961173173,8.32241153242907,4.187211192917166,7.259065347651333,68.95394996611235,89.86300740639983,15.207266937917792,101.25501292785181,50.31395928470594,13.173497888987633,2.0
27.163023799588814,12.379968431914476,8.09200950899533,12.769764430665395,4.2713686708335725,7.317416483414276,19.35338971590436,8.233242597646306,8.82484474103326,64.3735362877443,83.78437024143375,23.071989705627615,74.59890789384161,53.17831547335379,20.329937823184345,2.0
31.99230011889908,8.837915392275937,11.847598086557237,12.504607231528485,2.7653593945070436,1.8472999769042613,24.636192239555587,5.7414756328562655,3.3798027248786533,57.554078130801976,90.60174991875684,32.31686087298197,62.92119885126061,53.963847428699374,28.465506965081886,2.0
21.910445129702577,36.14276619236141,32.43673900606011,18.011486988381158,6.674032463285695,3.2695510266600527,23.691469012551174,8.855624819230904,4.143472719209302,53.698087164374314,100.48041673955154,41.408054625096604,52.294914181088814,64.48366244429214,47.70707548961954,2.0
24.428689226638838,40.185586675222915,30.48535761070823,16.630919530199936,8.123860112699589,3.043442084406888,19.145783326056144,5.952062965516448,1.6193140131356847,36.13239688829948,135.1311940768631,27.767367164570857,34.46651187101649,128.36748120128306,25.778418128621407,2.0
27.770059791911162,41.117694810642234,27.67071517280082,13.383093911230555,6.098260744403051,4.2868043621699305,9.656050680430267,6.119610346597697,5.937928333852547,19.376215747743277,121.59056979512488,21.437645970828285,40.33223040577728,103.71836991966774,24.453970845173494,2.0
28.24276334096411,37.76107343886606,25.43921016098528,12.667206175532211,4.27887401682194,5.142140271027444,10.039080100654964,5.523314298725184,6.483035215337085,19.362534720024996,117.24651218369326,33.21846579527524,41.11811029252655,100.4094263163209,31.33745043452439,2.0
27.86658844058439,39.83823345428964,27.519899181731457,9.221284032119662,2.6753445599572365,5.395200911637497,7.9592066894401645,5.164466036041295,6.964479207319088,24.35973262872605,108.18657712489187,41.73634812951786,50.114250260969165,89.18385780930409,35.310211814025315,2.0
26.97544030231628,42.927290587350065,26.593710874717083,8.477212665528318,2.975812344760227,5.3402838507223365,7.0615182380151404,4.3977052616542265,6.546613521472849,26.890835512740974,104.06495901090493,43.92823284383571,52.00795044586481,86.34360123572746,36.845214311799346,2.0
26.05258129373248,36.9704749024088,24.733055388676636,6.717567540687071,2.6567290479224055,5.389560997044199,3.6925664369215236,5.472289690725559,6.482853161089678,21.981931121149913,106.31178625073622,40.88431733287809,49.222877679456424,86.44774008134526,31.727202561826616,2.0
27.23382697286272,35.0792388453212,27.968609067686934,17.709678030807613,6.071211842822408,4.716031866209263,10.640772676565843,2.679219947330014,2.328795329758085,19.391250803501716,131.82499011917082,10.063150944048475,36.673783544996056,110.32236313323095,12.044058334065946,2.0
27.809535768442135,36.46497541945701,31.282443802159207,21.00809735259405,8.914671067617528,3.3482706724887956,14.540913658373341,2.7974024504178217,1.548720009401626,26.22464517408544,139.80381192419125,15.015938875146663,30.43577857298132,127.66747000027678,9.14867078537249,2.0
27.64706378193531,35.76676469736871,29.088056535255276,20.50813852995853,7.458003036419764,3.6127722878294843,12.652682295471982,2.366244310682496,0.21919577472911678,20.9878927085073,141.47468457102502,11.524222863077789,31.66170194851007,125.70868100838815,8.100701367725083,2.0
28.359925134331572,39.95460261634982,36.04523321229839,10.801845918105377,3.5613228459471,3.870045474260498,4.474996462338618,2.322675131758022,4.9578184126125215,15.021044214513324,138.45146746257245,20.6442081087343,35.560263573888776,108.25524668105085,24.186094458029824,2.0
25.826330115073063,35.53334424704756,28.81205194657079,5.7814814138162465,4.125882648022804,5.549851025845845,7.5017182121001875,4.585707124758552,7.3130273284970215,26.70979636979676,121.16339863067567,32.01234168240156,45.72626375596749,94.5858644836596,30.917070331909535,2.0
26.964869911604055,32.48242413361133,26.835464452892086,4.647318081334884,4.230677624421549,4.459194635230182,8.719449975933616,1.4406758546416831,6.13423515711881,36.66419360981569,106.62753566020847,33.728494464711844,57.91816794311583,74.8542523665709,31.852608616188526,2.0
29.893709812330258,35.44434505423204,33.140196900732604,10.3577530058929,1.4413398066555791,3.1664038236552514,4.533790529312263,1.7078113887004651,2.108522264605433,17.215141308765148,149.30179956206746,14.400544595297603,41.103154761601516,111.5401570627649,19.901778338908,2.0
28.080314237404554,38.95892129689791,30.10388431899756,26.382368754651733,8.146052307340012,4.449740959152304,12.779940862342844,4.644062961499191,2.1009575066241544,17.636120831997196,139.70465243418053,8.602400031982164,36.07604298992975,117.52324902204327,12.821153896059679,2.0
26.857921582169563,40.25784871341503,32.91651068463618,24.28144073930137,7.407552133225,4.3515645858573855,11.755466670180063,5.156576752468484,4.562436741120909,17.847828036996223,123.44088641049213,13.08863667617262,41.03752424460078,100.65145204751427,18.112436278010062,2.0
27.63354986048886,38.11398287940497,38.91229978492759,14.388949374993185,3.3970841582440103,3.797608372213389,4.2140925097632875,0.9573534279445555,4.042881897690823,17.05218230890081,130.19255413141113,25.572055908369713,39.52789396081634,99.85219989023342,27.765113373513064,2.0
26.559500721722266,32.758658967112716,31.086965425442173,7.474544479420927,5.210190064106176,5.507982852601709,6.41002588507544,3.86333255013343,4.975633711432739,29.212644950104625,119.62198182261956,32.15059783202029,49.587046632895714,92.0163818394042,31.580854602512517,2.0
30.931007501089237,42.900199634059156,31.2738832383609,15.021641865646263,3.2394847456346105,3.543775181458308,6.208631780516259,2.2746850860419374,2.637978359432167,15.579895410510128,146.23158961848853,14.464073460512413,38.43489770924227,116.03623030149322,19.504941559634823,2.0
28.262271411009067,37.966822918560766,33.44666043397014,31.942373753410212,5.710776648102046,2.215007813135146,20.525914684192973,3.896727804292838,1.588742748678544,35.670120681228845,134.2591462944486,21.243992024221455,30.464136382196905,125.61862639143263,15.92271712696757,2.0
28.705936670076902,45.85087349317567,38.671057681910575,24.685231951091307,5.434268449778311,4.082344825505743,11.600663029537639,1.2712577315059357,1.9237309196893766,15.22206537442217,147.5279227643785,6.5251255438785165,36.97405926783024,114.45209745452883,13.335872209272464,2.0
28.346944205882807,42.280800520248256,32.761503334116675,26.110897747701745,5.83318147393417,4.293985353253516,14.132116426939826,4.451703857390494,2.4280601561991078,13.38766924258343,150.9346923273596,6.649560942002048,34.43309398725136,121.14215289335657,16.940517051897547,2.0
28.249319838390004,45.35113929457899,31.52994796954007,13.476956180849525,5.17584287260338,5.192465011106396,8.183157743188946,7.049772369954651,5.842462861808863,19.993334568092653,125.06147346060915,32.56343842633395,41.87858402366654,102.49356297054052,34.913071551121526,2.0
21.9326195326474,12.069369677463063,16.51788445339713,20.170146463686006,4.287951337806394,5.282810128571239,26.85115747709769,2.1831278059205332,7.517819363094629,72.27723572377127,91.94435424308415,27.50972736370138,73.24702198425955,69.39384827039417,25.56580818800202,2.0
19.112893344302403,22.536626102888377,47.12134246516192,17.014163815188294,1.0803151866434324,9.096343127150977,17.652216757055662,1.4663764508355084,8.021825984093685,65.97545878601514,97.6470587941854,18.699308895217186,72.94393277597075,79.07691246684422,17.18552029117255,2.0
26.55095943689928,33.953011604775476,46.40779418107166,9.985185386690917,0.8297944341329454,5.93002524702728,8.447455577612052,0.4258183026054076,7.152604306639037,36.314805276717436,126.79219702813242,17.18024200130365,44.92545334346477,109.23612735317151,17.046132953385733,2.0
30.777374851867716,40.852472498009796,29.836595855254103,11.201625981936154,0.24544164675561392,4.578507775689163,7.770278484844561,2.1438523828097513,7.677967188798729,24.95256849293608,138.58107681563146,14.455534132523345,27.138234681367877,135.364367389617,12.328013388655835,2.0
40.202920759403575,43.174927597776744,12.245983558130842,12.702665679602857,1.4068464695969598,3.7180391472182075,7.685298061104118,3.0489309500025032,5.59043279897842,21.766172541316923,141.40149082649117,14.211334179489054,17.306427689130675,148.9163772435335,8.835394033891824,2.0
47.832040394654015,40.876790866876455,3.5466804409120405,14.845203769184995,1.435969895892881,3.81666562256882,8.038753819263786,4.0059262051700815,5.020711033445975,29.689479969286488,131.74470710717213,17.266793227345723,27.247999156166323,135.59366646726292,13.58692302373164,2.0
59.05532963308782,36.82864090711025,2.251250021767889,17.34289715668965,0.48992213784813327,4.770076022968167,5.350019475191321,8.565984128903763,4.706836759895786,33.623474784845385,112.04038802169423,23.669131981327528,40.30508813104292,108.04580670714081,21.008749018140115,2.0
61.48907032877283,36.54642129012776,4.515474747370612,15.062724826570431,0.9879358336103417,5.361823668475152,4.515637263457489,10.289254709775955,5.267869795806179,33.47552127871589,122.25904218783886,20.594737928525475,37.49591668915688,118.23069606049435,19.948850644806225,2.0
54.06579784833743,31.916528538742497,5.097784115925872,26.422320937866942,3.445688526638656,6.95180476907884,7.862507684301691,8.879700908166475,5.035600894854175,28.94414027748518,124.81712292975809,20.040352501223754,37.97885053182826,109.40153016186508,23.050451460301044,2.0
46.37937338377243,35.03736597151302,9.17352799357995,25.167569280855705,5.13665121440646,7.253088678819979,6.340879015523213,8.429112204128064,7.00327783916695,29.991122345642584,119.97266189635084,22.455270923095608,42.90761919804165,100.00562032769314,29.117187163290215,2.0
48.96865607218306,54.86684590498105,8.61527668303858,32.07403020726275,6.580336054260413,8.996314532583675,18.92576886778415,12.65843072361243,9.819327305729185,52.52327094972636,104.93860847113723,22.231437272809913,60.77693180771696,91.68077728449306,25.920072041959443,2.0
35.610013259340676,67.03561481321832,5.472133401032296,24.757346810673766,5.645896265652965,10.788086686017687,20.552751565805657,13.288599235085234,14.092584827244725,77.76781374872844,78.17833479444192,19.561225077628404,87.99486012098893,64.01309055596617,22.338552922607494,2.0
33.80973581460259,67.48376698058948,6.016751997173026,24.14209697963791,6.304555708921417,11.016371690941286,22.336769626842266,12.77427572862529,15.040595749367304,81.07318689269299,75.80785917431962,19.994882169113442,91.06886553096585,61.23770339065584,21.959348467206013,2.0
25.203020599718432,86.98259540540623,10.872976359064053,15.601736432712006,3.8265918533802177,10.505727242574167,22.251378124508307,11.166843105789924,21.78537088140237,117.92980395960065,45.26679187484101,37.764970191508375,123.65403718825092,35.118150273330684,37.32560275430016,2.0
12.782943516161506,54.54522319306544,67.09526725842525,7.999899602384794,0.5117023482900825,6.584867137758839,17.883985887860053,6.424251428170133,16.206149209935003,123.81536690494144,28.98287682892465,33.35595016415611,131.9696251962116,19.432804019630343,23.8685641848892,2.0
19.08470456230719,23.865841955324917,73.47341660254591,15.76601165074802,0.9878761790843451,5.855261738021178,25.684138525967743,9.159997362208486,11.308109181301692,91.3340694125426,63.4317671362575,38.82265888491336,103.96424224043444,35.13037310444949,20.273926975797902,2.0
26.328390964269307,17.894628558287017,19.956163189269624,21.73755171938608,2.5721367092213585,3.81921332066785,31.65984660128529,5.35591304278517,8.032620507069135,76.19856722930182,74.14405456938147,51.39727014000156,72.17736537652935,52.85154440531286,48.44397817365164,2.0
27.632480794637686,43.2692583953222,18.46935776867921,29.759811964045007,6.072029904831551,1.8661956065923555,29.503990620775202,1.3035945946134244,2.3136117294519822,52.127358620277306,120.75195869357886,49.513806600917185,48.889358977067666,125.01155994512324,48.10356565373949,2.0
29.128689985794082,41.694253979452704,31.81178211372783,25.68378895831602,5.935506721730262,4.666199654396853,19.43824508182442,3.88227340564232,2.6286488995992143,21.93908743976404,153.6007279829968,9.619112957609353,38.60074816090389,130.8775208396772,15.352696715414732,2.0
30.227956837434704,40.48260049979929,31.628269897750403,14.589666658916354,3.773342483305364,4.823311115122678,10.719568837610085,6.235225399321258,7.045154987596971,21.796270104999582,119.82181780340545,34.96024875510564,43.53266011418786,104.9820506869038,34.72562979732007,2.0
25.519192277876336,43.985320607105905,35.50859340318212,10.992551080010962,5.487165178074861,5.949865534098319,9.529496229067792,6.635532458883918,7.120910949774228,28.59407432074407,101.92499932862555,44.37460226563614,50.66439796680507,90.27399476889792,37.630367305590106,2.0
24.995167400776985,43.285961121768395,43.88415756038074,8.059792160964397,5.1195129703704545,5.3523131683234535,10.192495327416461,4.977160480729529,6.008265806415741,34.49271829896726,114.95293639195962,34.20532256206426,56.68665301261402,97.73220346302034,30.96238668296918,2.0
25.248026882875145,42.14711919864111,39.435013260026466,8.416016804373504,5.698312744461294,4.5239036436010975,11.745904559147876,4.597010049660359,3.8286447888675164,37.96637986435458,108.05055825315293,36.80880972127696,58.756280198513984,93.33449200264431,31.941768709750388,2.0
29.80804760230564,43.49518630247099,32.94328292018409,9.369743865761716,4.849813392961506,4.5799149465309865,4.766629709414969,3.2561099662621595,5.441525224103089,25.395685436096223,122.73439896134997,33.32690620467258,49.938990039109534,91.87571978562279,35.35774544593448,2.0
25.223878161519885,33.407437340291374,26.982491393243496,15.763571743851,3.0134764875558155,4.2711640258680355,6.318639559458045,2.390900833092525,4.044814263565849,18.854730840863716,118.01396364706505,29.241215888264314,40.74474509519231,92.72278820905625,27.69627486838344,2.0
27.748212380112072,32.5182082972941,27.3083615517098,15.146595228152954,4.046640187440999,5.879015391774757,12.264328370237504,1.6366528313232405,7.213845058654464,29.092497841124718,109.70273127151314,16.068988413363016,58.77470923786451,78.63903311164667,14.131652128173338,2.0
30.701155950050726,31.96053837618975,15.044838083645306,9.521256336087985,2.7151169375625432,5.224638421787794,9.148805403324355,3.0941529174763165,5.304592878273667,22.252331128400225,117.39588321223255,19.081826273053743,46.16709119632363,91.72767091600943,17.93728718722638,2.0
32.471985626642706,31.593136595961703,20.967527600149285,11.364535498604495,2.787950093197703,5.7115362721659775,11.44300735170405,3.4591488820107594,6.193198152536195,27.934784362976348,94.30607267385166,23.438061503998796,58.75526523530318,70.06171320577516,19.509484833566212,2.0
19.932076557033586,8.786746879526733,7.178156267886241,9.826621243579208,4.40375602841529,6.239025386236986,8.430827185789838,1.7644955565737641,5.789798239339368,44.068020941419526,74.86832357675742,17.85866976692803,62.13923456981586,53.511530427792415,18.00454796475358,2.0
19.341381722802318,12.908245968117232,1.3239578682976196,15.056931574829965,5.4695963448458365,4.196900625033346,15.649295352925687,3.369242599964126,6.924401737887757,51.08265053640552,68.59496971009689,25.37356374276614,51.79791597655572,65.97536849918029,28.237772008177604,2.0
20.990474630017,12.625842491520663,21.703038385195786,14.427044402702744,7.527488014796684,4.5379231267683595,11.498517993170031,2.0911372325017066,5.702878222287625,38.69085596634348,77.11122300431656,28.082507480896314,37.77541637424955,77.08278605125108,34.354338962241286,2.0
30.855600138603293,27.430298217171693,29.09789726019929,14.846467933458104,3.6584770965747464,3.990033395104077,10.294157152676268,2.586806637927822,5.918402200458489,31.03428986910421,102.9654726458228,32.7752035009111,34.24353249626562,102.65442640637913,29.12211881024899,2.0
28.424038610972012,17.2402423800659,19.39119146465494,15.447713209082512,6.060737308865674,2.1550924351053755,15.261434154864498,6.008076433615822,4.587569525495592,25.210338315226423,120.04796191776788,20.522457518900932,35.827660520991394,100.65198096013168,15.626628240158897,2.0
27.42263334499703,14.669690843356763,15.391444530560562,13.072395230899243,6.968411636476338,3.1384427817737506,11.441384390606935,4.606327181563217,4.352702538370234,17.81377782879666,113.88480543795662,13.301852004132032,36.8254702086489,91.29015674307107,15.417268206342204,2.0
28.518253577449983,25.940620414395344,20.0834597674696,5.313656112417946,5.560886531610971,2.4849271506742254,1.8182987967217195,1.6334008249783463,4.708054027638201,13.292764332428606,121.84735346122027,22.97708000035393,38.69358746822642,87.59068501411164,34.16814569338779,2.0
27.860765509888274,32.207470608885494,29.36245740684464,1.907690187182742,5.322116458377748,2.945457556729217,2.9491941775486152,3.698362782546957,7.271631040582321,15.940106670184655,135.28500546940654,16.764771881058202,41.06983569884756,101.97873333504585,25.643953537924357,2.0
27.54796454251118,17.210726913558116,18.470328250695484,13.446000529766927,8.598347290863785,3.004792946502564,11.44880979030174,5.02796996149667,5.56182272586285,23.461480434009296,122.78394766846144,15.739800827724348,34.88317988224742,96.74875231621277,14.696377445748254,2.0
18.887585886231175,16.57027577532772,31.33283786673745,16.15629026821554,8.85724785090595,4.049295156221859,13.186896618842587,7.119376804398576,8.622005984056052,43.62907377127312,98.46890348686084,43.11988209290119,41.3448141462114,95.16848673248322,39.4749372274108,2.0
23.15963861707984,16.046142948608146,21.22128168506136,16.026671385159926,9.713932223893524,7.340639374437463,13.111607649873168,3.5489831238757197,9.032603963203153,54.180648371621565,86.798820108312,28.86651515976186,60.7129837300365,79.11871388184177,35.76254919148599,2.0
16.161365599310493,13.64725695581751,73.30580938958575,11.913082138747052,4.6631828781786675,7.201217408681004,11.708382777878054,1.988109809416248,8.983997725814008,46.26939426186182,103.7714422840494,21.07907339535947,56.28023557078473,93.84281971866434,22.610981831941896,2.0
20.330892495859295,18.919379863462595,88.73351722100287,10.165690736634726,4.404878383189485,6.298248235183776,11.519057110824658,1.29023848786812,9.05618331708655,39.640416747976815,111.92324531407023,20.298900254400042,47.660268804708146,102.1498888114535,22.943478531268347,2.0
21.218072597542477,30.219850281671615,52.51346353647347,8.847977682616209,2.2895000006200075,5.120458907566629,11.073461749421961,1.3791230960573508,6.799762261815346,27.220699255060083,128.94417758614892,16.63479692744056,38.781740705747545,117.50603257103623,16.853907629492326,2.0
34.82578419478199,26.64769165997061,14.029419436078848,8.408669803473618,4.991841422066894,6.0008020116430245,12.02690895247321,0.9556208790557879,6.693894215477767,32.10102542877378,125.80603746821654,20.48078098492541,44.37427341048142,115.15990105185834,17.52630322124665,2.0
35.05572208014275,38.25885070447976,20.578774678638094,9.145935514761117,4.179429505471073,5.087937039270291,12.831710293279182,0.7369111387327353,7.699583354319396,36.22794123815474,129.07161521892795,20.1298352315614,38.883717434170705,127.60036733378077,16.106816465489846,2.0
37.37878983624388,39.147538100206525,12.387617075933825,9.512172081145026,3.6943542841882464,4.35065932638644,13.702043588944822,0.5522579913511904,6.89452880863908,36.17783473519063,132.21517222872183,19.454294018221145,32.81670647035927,137.69753138298856,15.553991421356132,2.0
38.70080687124384,61.944558091101186,15.845807793763779,10.73612250226269,1.5213731982464798,5.201098593153471,11.560362310020723,0.8580585987388574,6.92250062802827,35.886974989403555,128.4654786631004,15.928495502711712,45.665807445601544,118.87398916992949,13.961578319814121,2.0
40.00657827893712,72.16402830266968,10.151519602844111,10.75486555237077,1.4005266998201755,6.208986034836844,12.276059970301457,3.258637172369339,8.498260343456232,48.302734378066646,114.49919063238139,17.614472247521284,56.35044548501172,104.32207660057233,16.009181358769386,2.0
32.55922883988249,76.54727315628578,12.649872234606798,10.942506521777961,2.092251278300621,7.696792021189458,12.853050391084649,3.7983681794655038,10.44861092646073,58.12367387110532,101.92230538992504,20.201241350198508,59.20339738876946,100.97467660013552,18.842281627531122,2.0
32.67053901947265,82.57829282912006,8.338832314151448,10.656488254977445,2.8042804072463556,7.861186751346396,10.589485138232329,4.168739198167129,10.469674044097601,59.18710438238671,98.61999319296248,22.576816526796748,59.693852670053055,99.77669423800197,21.897306282434364,2.0
41.26028477325541,79.20093665914102,3.6638355066176955,14.03528439082241,4.015815184174211,9.489414047802413,8.110620179801202,4.874600327369828,9.41131196390788,44.58451911337458,110.95081985540388,18.71888926032588,51.28020521572905,105.57162724888111,18.813245143436923,2.0
31.139132894900413,79.97503125762435,8.89665044016802,10.791899767170765,3.7719727076460554,7.9921025246009005,9.963328336612248,4.77822176675202,9.443621588954292,43.05792135718776,115.29696443532677,19.9155264802411,43.9962542727007,116.39468039495422,17.373030798720368,2.0
39.25065044402841,47.08599595767581,19.331545509224398,10.546912699022776,1.868848708403942,5.153940921137321,11.927300185751738,1.106980810122472,6.051787481031741,27.99932488719082,139.3462167494633,15.054792462875092,33.49906413442812,132.93104390545645,13.072226407303381,2.0
38.44900227796227,33.083853928657874,33.90116377424837,7.952243877312984,2.9988380579266343,4.530080924641356,11.694405291778365,1.321312963244608,6.379566044473434,21.995864465238242,139.95220313558235,16.056233568312184,34.72762378906776,123.55788568830593,18.838948663086253,2.0
30.25203112234546,23.568982281764633,48.89088032957756,7.868694020771846,4.287929150914257,4.230208892914733,12.838471534673774,3.264880454118499,5.7260101712034155,20.285223070214425,132.48178053791995,18.346967181378645,35.3171168948182,117.11265105146798,23.99310952241225,2.0
24.76571569059507,20.548297093569783,60.44829423034339,10.385204653983513,4.626367721820864,3.9725314453438303,12.871631583219761,3.9110901036764174,7.414797161646928,27.909381744955027,125.48740435364707,18.429415041101944,49.80162793183269,100.82366820508966,22.380481221814378,2.0
28.147145766090635,36.81677819316947,54.31176689755053,13.2787529526673,2.33073835873867,5.237896612736719,15.997070164030118,1.7469430636546168,8.296387538877951,45.08081779272799,111.09311274084016,18.42328807913645,72.07446725354929,82.76970377457673,16.396064939504313,2.0
27.80840010632203,44.975527142672306,56.44486044020374,13.986332353743123,2.7836166275424086,6.519593243540164,17.07647040698295,4.662919844699376,10.06200202092425,56.52764562214363,97.46514385604893,19.714320568846755,86.84932271222742,63.996898082186256,17.421889424155967,2.0
28.492731785931774,27.837109707763528,69.14107523547447,13.54634545305148,3.091920911841802,6.018490816745327,12.680265161472368,2.9093401814176545,9.199076131855865,44.97623293127092,106.45976697958145,19.19051422705775,84.14836805720311,62.64089645075025,17.710546081785832,2.0
14.85260003423168,12.749049316493284,67.35006517429589,16.293687684519597,3.024586821322649,7.21983784732828,15.838525424926251,10.47968614439247,10.037896308492158,63.80197242423046,68.14580592951617,21.554724080882792,86.33899679651965,39.3130833533882,30.01982920734977,2.0
15.54480339999681,13.092332987039438,81.60503234522689,14.273651902789753,2.428667481434094,6.11396277675595,13.286762584845253,6.744755841739748,9.463577731920237,60.94618515683025,80.03458229443152,20.41802264996112,90.51026719005033,46.57485214348608,19.84038686984891,2.0
31.719343424108523,46.54846680650448,32.019867800760515,11.859051584494424,2.0168271049206417,5.153241008895497,16.015635995237304,1.380884544486552,6.871015409685416,32.30023711937512,133.10380713706513,16.268378965180656,47.92326866488776,114.17981676769533,15.578309502344144,2.0
46.93273648326772,54.5181926003638,12.161686573287756,11.00420984196109,2.2855415896638775,4.585074139927895,13.018750712172217,3.0042687101034047,6.592793738454587,30.532730022856583,135.97470899232536,15.284613039017572,34.50946096486146,131.27098804603932,14.344057785893702,2.0
57.26458477251175,56.829647574938896,2.5625417725060458,7.812145490794947,3.058956940102051,5.87786235607532,6.211678068614027,5.587287276316068,7.246458944329593,29.40017191111853,128.09538190373908,18.9827754236153,40.07453277130668,118.31927037039785,19.592575316521785,2.0
31.420865147850918,90.38297801268969,11.004666422279522,9.827185255200058,1.6199295349841418,7.768647421659222,16.837633393813846,4.76559249202366,11.284060721700897,81.76220207316592,74.69509138747202,19.02735803371098,104.51779792749679,51.34356364254091,18.870276726464162,2.0
23.22546804757047,63.73652998078095,46.610425373622405,15.124455454782357,2.9194252151636926,8.341381588990515,21.925475960720775,5.787916449527801,12.216002313118137,80.07892416152502,71.1548763883689,20.961771665093604,110.72328800464308,39.39502633523736,19.54347075796158,2.0
30.819185988740127,31.43581571798147,42.86328040323191,11.997654178000305,2.0858686981254735,5.193734828028818,15.615239195312856,0.9280281737360657,8.093975930215318,35.07465043672168,119.50403321842089,18.145620186489662,65.06668036631366,85.99741472110583,17.10607130193324,2.0
36.85075096528898,31.920419461292546,33.856187762482946,7.603278051169971,4.048484810679188,4.790872716133215,14.14208568320831,2.506000110467178,5.762902860312712,19.90694084775313,135.69904298255983,16.122049054680183,34.174512561585395,115.43036167640834,19.250380663231017,2.0
26.601858158598088,13.41299911050803,59.14903825587138,13.025321161167899,4.730299760569701,1.513329117684523,13.367092840275419,7.7865269976261295,5.671410349173541,26.947088080238192,114.87652347493493,19.22986536634052,41.16042718196952,94.87023604916622,22.781601168183688,2.0
18.399085961093057,11.513182788783157,16.980086007874217,14.780570917583912,5.658855988615227,4.0429471552181155,12.280370673898075,5.2600780762404975,7.651475656094355,55.223210240180826,78.3365567559253,26.976280836894656,57.84803721810461,75.62479099592838,28.069885623996704,2.0
26.81190453422909,14.99462511506153,9.04003576337747,14.298729078047986,4.201850171826889,2.926773768029018,14.408367395780099,1.1487839341479313,6.684835045923073,49.2784894029746,90.32309218501453,32.03540859826335,47.6182584462672,87.795225945714,36.38597790959762,2.0
25.43985025941605,30.855225044931743,23.182703419240973,11.361094399160692,5.74213414340375,4.000256969756606,12.513494213477756,3.5096414859581797,5.6811835723241035,46.63407320460426,117.11183298656921,36.81152233159923,44.253825221777824,114.13886350718708,31.862689413073706,2.0
30.19445529505558,23.86841823228087,26.86697952628716,12.096189251802048,6.373214430450251,2.5697507049274884,12.325709312183644,3.1384355624051525,1.692619286511196,25.36721270360478,125.55014932036107,17.994269270670504,40.22145709621698,101.81968541014851,14.0758000508074,2.0
30.628349724612676,43.18011705063862,37.03142891673009,7.017957856857164,4.680745763086213,2.97089035596704,6.803527597201298,2.20461391265373,6.210314689826713,25.715334495099622,127.78452264362924,20.661146490232277,63.14279668059157,90.76851906881873,24.52520744477722,2.0
20.250404473845506,28.349817294658035,16.675466409561803,12.134229741763363,5.5487590144545695,1.9864636857945743,12.546463035409015,3.2520669011594,5.125625569709189,21.47539916083819,148.3857719913085,10.243233573969217,38.31580683525001,116.70362671171583,12.945462766370499,2.0
29.730683611539355,41.60856539102195,32.70101716396458,8.382771826243864,3.860151637095138,2.264287355896634,7.668668421848802,1.410550814962536,6.008709892097639,28.469763934314276,119.06533877926525,23.871100769624015,69.50280848194224,85.68140431552139,23.787778722258217,2.0
25.350154051869804,20.36499511953066,16.612882159911074,15.286153951488663,7.837411228994041,1.6207301335411761,21.8723456757668,6.98049629338666,3.8122714596282123,40.55000972371947,115.85113025091876,27.39558827827878,42.706236238522415,99.57802427058611,20.87211317574893,2.0
21.807347987139938,13.443115949708371,18.47857601413762,13.51491019663595,1.564543396517809,5.953388925131011,16.122900200745352,1.9167931480123872,7.420453154891326,48.95968366275436,94.02031840752528,33.35225028393633,56.8650385385922,94.2528797580053,39.94273141409857,2.0
21.50725044053322,10.161991491135156,20.461383513459538,17.133969162741515,4.202725576251615,4.998791226068777,13.176462237302609,3.1490663899549958,8.15617374481384,46.615468383582964,92.85039456665153,22.87207408049737,65.88345976657783,73.00125497970579,25.83138370020911,2.0
22.66426342100689,10.41932852772645,23.477067449644277,16.45839429777361,3.94765805563164,4.826636430659487,12.386548709289238,4.895933115456598,6.001985239444377,56.07936938573384,81.49316941105864,23.316295181122406,72.6035453880489,67.41291215790962,25.58592632430778,2.0
20.02496308122896,20.51825267789091,11.720251378269982,20.89703319601495,5.7218812939968196,6.822148453622213,21.50209559432959,6.165916048748527,6.2000408905086095,54.38064884418659,78.42543538818914,22.887965289166385,61.6233214026491,69.46561776662926,25.847745733822943,2.0
30.1806088499191,17.73008865522032,1.1403947489853523,20.548745567046485,12.13039064963692,39.463032779511074,21.05806834453796,5.404426339743292,12.559939205227325,52.430487044357335,88.13359447059989,27.15380537598369,63.971395402886785,72.1704296251208,28.45829937767307,2.0
25.343567926862082,14.816526806617254,12.135078420700417,19.928388339941808,5.40999583980263,11.946398796969039,24.73044526272491,8.508661982920662,13.081978035029119,59.55647182004674,89.42144808356699,30.399247743352195,66.36464479369879,81.78639200820682,30.597991374988542,2.0
24.437051606224916,12.104352748782562,12.342770199056135,18.625932043711387,3.279810498447426,6.811538458328992,21.7402046416034,4.330635986896459,8.64300277861884,61.90292922798121,94.06337502701555,23.6911752978628,66.71607616921585,82.49267534769068,21.563352985433585,2.0
29.69342325887793,20.41431353362017,23.41457782462401,17.52121016789725,6.093584595719445,2.0756650441372173,14.148940934380342,1.0419974300450972,2.8179223622159704,33.43510635645549,118.02176696228443,19.75157558901306,43.71644401694827,95.13213344830486,16.140967544496437,2.0
28.68459681457099,28.105348399388188,30.005389089472345,15.470582419823238,4.466759837359737,2.326275113219687,10.457134381092057,2.4170347529909346,1.9873011420320779,19.949563341111958,126.89882742743575,16.535243835743216,53.79070350536792,80.9026255014333,17.48830098860037,2.0
33.83692560871444,36.18768441061971,23.308858316934792,5.7391524176701125,4.8190955000650515,2.3625719816996837,1.2296874605241488,4.542466847734236,6.95425046381721,30.992905411930963,102.05496645405881,31.665209181591063,65.58411762331842,72.38195955544852,35.51290500239295,2.0
29.55984611147373,38.01456195885646,27.450580957869498,7.315001358121762,5.870538429335118,0.8771559381543641,5.885173340131336,3.7472323165276076,3.977218712620717,38.472893053986354,84.16378619933384,38.949661931133924,56.78810920320511,65.90200010232628,46.53425079093517,2.0
26.581799714550428,28.52185970545241,26.697000501182522,12.547917888969545,4.182613953077205,7.427434282096469,15.439401573215005,1.2441701120101105,8.766335478758423,53.63895377790539,111.16285263805426,37.93019373524898,63.09972464004464,101.38932038170728,40.133040248639944,2.0
29.68553146906548,15.025181738313094,3.179494488876885,16.24500854909932,0.9484877713719576,9.516328621944933,21.527177731571786,7.4582692862433735,10.974337844612931,57.53967970711398,85.915050769158,30.556269327630062,66.74546798912496,78.0521728922092,32.311896625856576,2.0
19.300362819984375,13.227197977165241,49.70912673403676,14.85218090234724,5.887480220456459,5.616147812745695,12.716006431171268,0.9453289669570932,6.835176400817797,48.85517252459297,94.72452118081199,20.51558403226794,62.95984786263201,75.61836900135111,23.534895371329835,2.0
24.49650655639538,30.26931879874913,23.767038792212904,16.05057610879524,8.707999132091018,3.212817825832561,19.029399528771734,5.366410153306766,1.7916701399460364,49.83242518727167,120.9152289959862,25.05867111831063,51.31369707114007,111.69134242703505,21.133626247708865,2.0
32.54487110472446,26.654392090023098,35.01491545828085,13.531600565139998,3.5075290012532903,2.7919002701235924,12.434644214803525,1.33780090737173,1.5837571401053394,23.205684081361422,131.98320677667007,15.062681349262595,46.436862428732994,97.11788362052282,16.62448075650555,2.0
33.27027348831116,43.47418943599065,26.461536859482745,7.162215722928283,3.801389837182173,2.599326242243822,2.578093669750303,2.1646957496102264,6.403267333017602,29.111990062414264,105.1889431543418,40.95176957799771,61.95977440242381,82.18128490661397,42.48806364960549,2.0
36.16626809159045,9.967938412547648,24.542374050067647,8.730723166065534,2.7910029073066522,3.9158458314586757,8.38341145800707,3.2636784433247494,4.97171984498309,15.254916690476591,148.9818626051574,14.555545768557872,15.972916915374718,124.89151032773353,27.76088159021868,3.0
33.315849470784826,10.675279697696139,13.705986708136388,10.775821756509652,3.1248236990358818,3.5153664990107636,9.933317719992917,3.6719553515491743,4.439266809058634,15.818600373119565,150.76664768746133,11.805745917791647,19.00672502632006,136.60952131767496,14.9865582308875,3.0
31.286080689156098,11.446341397187798,17.012374265136003,10.614982677961072,2.2045246313650404,4.203412830373824,9.159730071208752,3.4278378794429414,6.2532358448106935,15.089597649000845,151.2758963779686,12.208622011641065,19.616124100341818,140.26397119585326,13.403636105707196,3.0
33.353763704756744,9.146525990975716,20.691754317034537,10.688659609985276,2.7385024568497065,4.36057173252828,9.871653216945694,3.740856021034631,6.310661820507328,15.453394854060845,149.44495329484275,11.97790220183001,20.827341356482044,138.18432607013543,12.925888920984425,3.0
36.698189538196665,9.876325600780316,27.951512804449887,9.529810338905477,2.0992514409121608,4.079926204503534,8.978865301520388,3.304271586414081,6.578305247811787,16.250256440091853,150.61516008080184,10.914401995774696,21.52581960432502,141.31680929541926,10.689630601699587,3.0
35.598604298691214,10.949962805913346,22.45746481198901,10.287010016952072,2.3193260997311125,4.0547448404078255,9.42446001530094,3.5853309393166963,6.56139663662126,17.941246709835287,149.8300053365161,10.5952457004712,22.5313744644148,140.75030723098644,9.585672095676562,3.0
37.39078550853248,11.96996587117477,24.30350515579517,10.910339597690303,2.5811743707837316,3.4974330728293803,10.751320375970268,3.0282693690977367,6.943239729137003,22.09939751148846,148.59615881585822,9.80853135388132,31.763556650688383,133.37088388164565,8.527839123024556,3.0
40.45228743699135,10.263952446662145,32.39980741943581,10.817000482069187,2.1178345078004037,3.292532727324933,9.61908326473709,2.1651720517185398,6.620082494498822,23.10448330214334,147.33315881616278,9.638690695432828,39.53556006921712,128.06953662882918,9.036468895230696,3.0
40.59090450736215,12.693598951835819,23.922415437694006,12.552156554925785,1.4977051785317341,3.158864068718167,8.929401414932242,1.0176087596690724,6.616081134747564,27.716939313861857,139.03417717605703,12.369968367038924,52.58849864678271,115.11464221520248,12.367711830573986,3.0
48.76509432920995,19.14818936499306,16.966030130678952,14.371470542534693,1.942122549962715,4.560775897185324,10.950621370063665,2.5351729821554843,10.057681713156176,31.964682587452355,136.36498402294893,12.986556080123082,59.92690374334547,111.14882572960973,13.35915416763626,3.0
48.28837203966858,19.03437934354595,17.58360676061491,15.239425901671751,2.0023127923170336,4.4333984422790795,11.004198587614868,2.838442118501199,9.98732679540245,28.304347776942276,140.41277881009776,12.472905626299246,53.51220128037067,115.66558384930082,12.114257763896331,3.0
48.43353823032994,19.595253357944518,15.369006711341365,15.015960687551198,2.0210885201835276,4.295360650585841,10.36803591997341,2.552936093908897,9.53049743622106,28.173456573737717,139.96492485533037,12.314089994039467,51.68716172191718,117.38450026476936,11.778936563997128,3.0
48.08157670932922,19.784833091369716,15.079418359073335,15.174441008461272,2.2252231775716966,4.454120208810704,10.511631046559762,2.6784487381702937,9.582964513762041,28.126751206302462,139.49214954367076,12.608946019570908,51.86263389187385,116.35597199680099,12.149309167911651,3.0
46.51356472080297,16.610215236864725,17.76768291556557,16.786250551918656,2.2366063414246713,4.241554971245691,10.4132519178512,2.0983453325378316,8.851408714259371,26.61433842451259,141.26830540895503,11.871364696005248,43.700846833843066,123.47996582571288,10.051473693117712,3.0
39.13507380093131,11.33734494403277,21.532185183573613,16.779713338730808,2.389655812739224,3.7536200861302618,9.7156178968986,2.531189480214169,7.20334038718458,25.044399440610682,143.79651612297798,10.453204337147785,41.5934315043056,124.67022158498432,9.20494284260722,3.0
38.863705628015055,8.163147398129102,29.21466049812619,10.582679519765074,1.4539372474348222,2.245931678148566,10.61576698843451,2.6409245788254005,6.416424102840382,23.023078059037307,148.29047179558808,10.289303030226,30.655752525166392,135.4284711877214,8.925910853927709,3.0
34.75451044079158,6.123884707981171,32.460922107392555,7.767273123227452,0.7461754065030667,2.9353007128026167,12.78141898029601,1.8642711145350774,5.483656945872833,24.160377486223563,147.11132058450244,10.131467944236693,28.031813224727767,137.60544155731827,8.122900559830006,3.0
35.25425833144439,4.870132454141872,38.577024314171645,7.436005609311055,0.6215386160305125,2.608767266810813,13.979656759175258,1.6643998846695243,5.024899429572974,27.679251922039846,145.17265346610918,9.432074260896117,34.34417152139643,132.61913404347877,7.181184673479041,3.0
39.95193360677837,9.94851177719706,29.86806534330904,8.293785680209046,0.34729450771387116,3.418310474985636,10.769892264786247,1.1821394982077775,6.479409219669603,23.69143330561522,146.58938807729598,10.31724447976413,34.11133737870141,130.45921774294146,8.801045289093976,3.0
45.050302221377194,13.286841511905887,27.90687013005544,11.794608907694862,0.5530892878264776,3.0915987537610623,9.647061480996411,1.3558698247971062,7.721976984239879,26.323546273117834,141.78815292435814,12.057952251252663,35.16300366044608,131.43244103599002,9.486454847461609,3.0
46.939330219805,15.431719666960444,19.385660906861673,13.482383529032951,1.343029665037779,4.758274532835092,10.475435121455531,2.702357151780426,10.119144586685769,27.52850754799543,139.48528961477,12.374038640168928,45.94473725649841,120.68530076829761,10.672549304138228,3.0
46.63939629360507,17.54833530638003,18.577729554440552,13.68299304347666,1.5972324333071282,4.725507921819215,10.1895155580489,2.7047890661141643,10.354394521721096,25.730483391733262,141.47879630029206,12.263772275463902,45.23427851267995,122.11989389813867,11.016936694105809,3.0
46.325170297467196,17.38308667490069,19.208331700701386,14.707308989314544,2.077971960918765,4.882227362735992,10.76789510329746,2.383804658578969,10.20705835798226,26.820184624879197,140.6885683077252,12.013335910741468,46.219767821292976,120.89992668503807,10.953615108098264,3.0
41.582186916714186,14.011389211560054,25.090466101826518,12.335365512910817,1.3688735665302707,3.4012900971046154,10.289815891029276,0.7147671155050087,6.662608791887,26.485933885965515,143.4997769013773,11.088575630789723,39.45820088036219,127.74676076613584,9.315175802947401,3.0
37.42136019477987,10.87867428920765,24.894561987601012,11.66188529221687,1.1341290057286084,2.7575061459870343,11.397445005932084,1.4824041811029263,6.393943094207094,24.669171478638457,147.74410154912053,9.776231231709659,34.563152360738925,131.83310405311204,8.915598057370577,3.0
39.57017949303456,11.037741419361979,30.265382361012158,10.358159597880386,0.7051756895413538,2.244503899148464,11.223529176373555,0.6611639137831835,5.850169244905994,22.906729894427276,146.15442815167486,10.45646324546146,40.18452090788287,124.9265490771609,9.86354148559506,3.0
37.862116572672704,15.99826269057288,19.29093534129176,12.095606098492855,1.8408540522741732,4.7545610816465205,7.553374792302862,1.1170949226325402,7.600474353877024,40.83063192050776,119.65763947936037,15.709842948308085,62.35955414984902,101.1432763507192,15.135290202890197,3.0
33.94083497413918,12.440791960234385,4.9669783230632865,15.237972867176452,3.9361967662635218,10.214969679630206,15.465621163738062,1.5473667232878772,11.326023542460277,69.09065008350277,94.78961312561499,22.92429240184946,89.5385359080823,70.83197966370928,21.30565428191159,3.0
40.07820701155803,15.970260125036873,2.6229024654635014,14.364726477268661,4.670968963153968,6.514469924186905,19.35797227559184,5.777888273249538,7.929705262369874,77.18393468087535,87.39372352757732,20.528891620394035,87.18370085050049,65.03848240469347,17.23889039462868,3.0
39.125881174898694,11.285143074852565,5.620214748986453,16.80775626838416,7.087657228046026,3.6197755383422057,24.958988818353966,8.792513342747878,4.772708877118539,69.1222669783862,94.31663603853761,23.327890270255207,76.34290088547878,68.52482452079194,18.376811763394656,3.0
25.252565568145005,18.633176432724564,16.112418868425415,17.238822484199606,4.468355266792157,1.314427598411684,24.918645402629227,9.21707448675449,1.6399662892324505,62.13383576004209,101.52269930594173,27.260226606408864,70.06763314960476,78.59666949794615,20.77602880792026,3.0
23.041922045921496,10.722105514627241,18.477537600463346,18.39799712061553,4.450891514065256,0.6551000186199981,24.97768963971204,7.1984647116200815,1.8499905780670094,58.31846844829324,104.39516840223179,26.70613318533551,67.21205147189897,87.45049721158279,21.31902930403211,3.0
24.289694173279187,14.375204720386945,24.195455009842043,19.504747558985123,5.723494428014554,4.190579226414438,26.120762601135556,5.984042457006036,5.514202936387598,60.010826880658485,97.12174584308069,29.450748681705434,76.69919071763202,82.33729338293601,24.477532802849638,3.0
19.132405582382397,10.936318599276886,26.56920855041381,20.537241370039627,7.136491023284435,2.102280941351334,22.295792976707123,6.069762013164992,5.023217055438841,58.04714577453538,107.89600262908846,34.857182040183794,64.66674623197825,97.45925048341323,36.332050581692215,3.0
19.769454998387918,11.988700240617026,26.14273304844437,19.954394989268543,7.219763690790309,4.295119868956529,19.51659455109145,4.863030994133089,5.667495145460104,54.38203774778912,116.08554960953299,38.980597685624005,55.675223922634686,111.51259877782667,36.497828049201466,3.0
18.933205918574085,9.08535906904136,20.45800027808387,17.633049761836357,5.823845236001253,3.688023735611659,15.750717018391203,3.6745617028909194,4.461809245294293,51.06545373124155,121.34050475115012,32.4575714117104,45.16394977523466,119.05239773651167,28.261649285328037,3.0
17.902319358279094,9.947458609332488,17.635587810812734,16.933289080411946,4.481381427372739,4.513672485560753,15.00893353718564,3.8384097541525493,4.521003664404906,41.490525986972074,139.26697380324887,17.139805230005813,31.914291296852284,125.60510123092055,14.522003106216761,3.0
18.101438765474395,13.931844536601615,15.810464413031369,15.175369282125025,2.6878105811954516,4.09222544060045,7.350425549282691,2.996681988765124,5.7837178131286855,15.64219294665924,146.40987342372645,15.214091561148543,27.44245146719234,116.13709009224331,10.653985908088156,3.0
22.021697041087034,13.708417839383664,16.50051127687238,11.848811600275313,2.7108795284066365,3.3273876166323615,4.478852222724195,3.8348199117906887,6.76556678181688,20.685192142530784,133.02019781468815,22.933076687571443,58.13786855422912,99.23044764113428,16.055680797618333,3.0
23.674104276326222,13.939784537615056,17.57790200045047,11.141413443722252,3.2533549132829966,2.5291994091604573,5.593923900809242,2.8137582034920348,7.458908559675685,23.39493295549186,127.72276975036077,24.844132745877577,54.05487711824307,100.72978428722826,16.76829034826531,3.0
24.042446962404732,13.612490567335186,15.589576545056623,10.477435808904472,3.223113282027682,2.045905919808527,5.692243945624588,2.6600115032541676,5.152680607247987,28.474639380135372,128.62599833145705,23.174783635591485,60.84266458764934,103.34252971417847,16.637159697159614,3.0
22.9296718315074,13.542152879002495,15.133563846655477,14.139914673227654,1.7735595150208738,1.970486426982048,4.975696968153031,3.2603232004262237,4.450178731808134,14.645315812115648,156.16916597086225,5.929073404913093,28.755348568647868,124.81421117714245,4.2093208382768035,3.0
22.682335457975302,15.377567910382842,21.19053942666961,17.725503860105103,5.196794549697513,3.722718085843158,11.652096709033367,1.9221343126794235,6.2462833987026976,32.97312267803282,117.55119004954585,10.999248141242056,40.62047625241379,90.79346007469965,14.674619779413614,3.0
27.572097071030488,13.733079407845885,23.353020103590858,18.275768259771162,6.597955016439748,1.9884231255490519,9.869449686780127,2.3360277237487814,6.198815264666256,31.819543732474013,122.4662956977023,8.505606727785656,42.68130477763676,92.58785539658507,14.200043329532532,3.0
30.967239182347168,13.940859932528438,20.304136647170306,20.032620205836047,6.410578645630916,1.4659933492166697,8.532751003023446,2.1669351781496897,6.01459246404019,22.400916236625875,131.22061218576792,5.8949237551815425,36.41246782140919,97.80128823068097,13.355117672160725,3.0
25.430428745427907,17.1475453172705,13.740098465619344,18.12016408554522,3.2459316916681975,2.1695905276988325,9.115737835584104,1.090933875627985,3.448337067306461,22.704381581442306,134.13240989878378,6.681175493158358,36.34034376856581,104.16115506587606,10.071961999742857,3.0
18.269152451074277,18.45207809591482,6.240639867918874,17.695917045946253,4.108392741576687,3.1769950068005284,10.239835827039672,3.738937056343739,4.7379596410351486,15.846030803921703,121.82748410808902,14.362239420166889,30.19510496726269,102.10496766195355,12.008058536987958,3.0
17.23735220524515,15.147392827272258,2.5093661858156637,19.308798332449598,3.836798263641559,3.5736285375623225,8.797871900575993,4.65571486390516,4.897184319465511,10.99400258870667,132.46219441151754,19.573340647400926,24.781719281201966,116.2653386134518,15.322981748551191,3.0
15.8084736923441,16.764061708636934,1.6283490056632361,19.873296700989794,4.297574966912382,3.9891327547261852,8.418280415253028,6.063231153898874,4.689960308107394,10.759544911306454,133.26270168956705,24.598111109659758,26.600405111346916,121.0997869482168,21.165908760486836,3.0
15.921367239153962,16.605418900540972,3.4750122675729194,18.2845736816296,3.0894798046404692,3.419538157210624,6.086364040560307,5.656533909394166,7.187624842163938,13.391799627019008,117.77842919109082,31.93628743360325,30.52425576663469,105.76734428681755,24.841698582116987,3.0
15.987906129450469,16.32833612912167,0.8943484552511689,20.451147189384667,3.422676389390919,4.591610827756515,11.734989624946678,3.4027427871334504,4.405299032663602,16.333189313432058,143.66870203326843,10.796939172112793,20.731284258194158,126.47940496684124,8.53356573641542,3.0
20.900282823485046,12.136094399934324,8.770493923684569,26.876969799143318,6.243452436866417,2.1964361281806255,22.478108199199585,2.2916556428921293,4.163544129234275,44.05870504624031,113.70476512291754,25.36517737249688,43.76495173496987,109.5710078242284,26.069492041507715,3.0
16.988595299774467,21.287094700225275,17.302618272492996,27.334174885841925,1.6223854809362968,2.799700972121325,33.8908350921745,6.443973685634571,2.229030320495569,67.17342870122346,99.94609345350334,25.74492460366524,71.83476800360933,81.85434387860496,27.82112254378062,3.0
39.462447276558564,11.374916773700328,5.522843356296504,29.36947605588272,1.8327344250640054,1.9072189377983881,77.87621604637005,91.22393393808642,21.368437483671933,85.98450121048376,91.80326379160269,20.055379460203486,85.37414069639175,72.80990938377353,18.926884742779958,3.0
34.0585235960775,14.542465351653359,13.287331008724507,15.428139966543647,1.7854919474505806,7.019592754850206,16.688779460356688,0.8940703813125581,7.554282813482273,58.667974871214746,107.78273165102772,17.624124859897776,64.16046411295935,94.3283340766675,14.757732311629608,3.0
33.74214996890999,15.575782942674394,7.6149520343192645,11.061102089380563,2.3141263030941266,3.7784173806738925,7.973118388258759,4.194094407284362,5.53394726169103,24.59408446615558,136.66456040905396,14.233457052505461,40.916482589725334,116.90999313744982,16.043254967736043,3.0
31.135754488013735,17.997054686680283,6.717612761695046,12.582034007384129,2.969159724956554,3.7556620564032253,10.906945727108765,3.8281928059468324,6.868304552455798,22.026241805000865,147.06824015863597,12.069377417029616,25.552380276610997,138.3365231272549,11.736700016400675,3.0
37.85858400764517,17.446740656156773,9.204838388694222,14.40460088201589,1.7390989634347065,3.995434756136607,12.452969636192702,1.8920352105235563,8.058818184296795,34.13022505739188,136.9565637481983,12.177002614028064,44.52109217911977,126.73090988168111,10.610956021444192,3.0
37.37832995973426,15.16519397861123,13.13038159453579,13.8473684435942,0.9886194502889986,3.742068667648557,12.726860817992016,0.8892264783250606,8.40702923724583,37.256444493963436,132.52421479492375,13.163182767073534,47.0526888558772,123.05619932778653,11.042512790480146,3.0
34.4779309998584,12.866491714612764,17.009214778317098,13.69370767846671,1.7028393476725474,4.109705873866274,13.621631519019358,3.931757321840394,8.95421286105462,60.87018117119672,106.12377341376863,14.332539365809687,83.70468674397092,85.31164128824584,11.958729918297577,3.0
27.46659517038202,8.968323298548299,15.404462377494026,13.526727197414473,1.6713436494439102,3.758584487687052,12.83473873029143,2.5916207244478544,8.013949968066173,59.17187017403012,110.47054615306793,13.853381180154843,76.3527682201046,90.63474802684559,12.617251038323925,3.0
25.442103849533904,4.808838606548709,16.98910707073158,12.449211425154106,1.6373107130505138,3.309426286051794,15.535032559316488,2.6785957754778855,6.652688727197181,58.31822397353458,110.66993857946223,13.427782032918826,72.189745652658,93.43408569308568,12.294059975491539,3.0
20.17959256653498,5.332650360330005,25.088088200361703,13.819444531004795,0.5087449553202715,3.6077426295666375,17.508932522313298,3.1805861106873192,6.860897172556442,53.99416798454012,116.06607199333692,12.47733233401689,69.72722574286665,96.66778121079908,11.77724236304819,3.0
20.373201180211392,7.775139106556664,18.232146590727442,9.892243883874876,1.0274400444534548,3.9896112794288445,13.777219801780674,2.949725355527966,7.350901790439873,46.0420470226973,121.01179780295277,12.768192102509442,46.989653573332824,118.26841960558248,10.805556584920248,3.0
20.017491770527137,11.679497029052147,20.97392319302356,8.136539561353045,1.7403617324706413,3.3367436126346206,12.525289796161305,1.0502876895814655,5.908804705350339,38.962407605753334,125.64630562197061,11.812292511201255,45.55529829572855,117.00068688878949,9.4767894925087,3.0
19.758041383495666,10.251734686311108,34.91426680803918,10.145981788161766,1.6719730330356921,3.806761372635587,13.892941244684295,1.7014404532497076,6.917025798412022,38.25398932061829,124.81921805426398,13.437730976670604,45.13158278514527,114.77777366899193,9.553780810279491,3.0
32.98696471616394,8.100976476642996,30.65004429050594,10.930043432903876,1.0883152548422144,3.5747703456930577,12.544481997082341,2.1275046222604734,7.553532784731439,40.342320426072455,127.02627464931903,13.094698584690844,59.19874238047629,105.05047343044275,11.459677809906605,3.0
41.58694179273231,14.54211821406759,21.728734798362904,12.169951193401406,1.263702795277958,3.4120289307464318,10.15694055222702,0.5070217035884079,7.894936188968515,35.27943512507776,131.83515309760932,13.232927402778268,53.41671216470088,114.38656872942805,11.064254902990212,3.0
37.04602909389979,10.112526386286614,22.093554736618522,11.875345515779783,0.6597786753465941,3.824175738984348,9.016092615208523,1.1864525892206066,7.975680758497376,31.961872714166354,133.78109305145176,13.575707241832431,51.140862186223615,115.22131516647282,11.331822827706565,3.0
37.93747881591849,16.883893969570988,14.14504246186231,15.165387776359491,2.754981836649618,5.915595756685889,10.949212134133411,2.554774117263591,10.271748378471335,29.368344789372323,135.5984907479028,13.111310251164303,52.552907548646964,112.8566020084142,11.858105976664007,3.0
29.203192091821904,3.931876925581397,24.85014953931526,17.79981882379457,0.8220007581491002,3.224306779571171,10.882242985591287,1.0850071595683148,7.977064630387058,30.739587631312038,135.55388481927417,12.386240756178992,43.83284514347611,120.825774958006,10.231040877875087,3.0
32.04401344866296,9.788112776005502,21.89813378439458,10.073256585098614,0.5053536454390414,4.78451836158334,9.766921291871252,1.1737300560514599,7.297146564343417,27.650441238435224,136.66778455323936,12.310107615464803,41.234785087650515,120.46214896585154,10.005451591929692,3.0
29.57444351630546,6.085201579395995,28.41004752941358,12.087821830038735,0.3063860013377995,3.9413232520182393,9.478259880885336,0.5291265715977086,7.792297785018795,32.858698605037915,133.36335489940598,12.589970279046856,55.14596866866776,110.08536669636962,10.42054248229675,3.0
37.911640410956416,11.214920202206592,17.663479919124384,13.378635545601698,0.7288936808924408,4.775630543742921,11.015034220255234,1.8541432167806076,10.096715072259947,35.744106353627004,131.017854167304,13.894189235216297,53.942487994805866,113.87209141713993,12.336053834060909,3.0
28.912041978383773,16.201553094992825,5.061229349222438,11.881016614193893,3.3618421377649508,4.528857509316984,9.65326912518988,3.105591683779693,6.814762094298692,17.181488571586122,144.9700467542842,13.65956050501446,23.219852774118703,125.9862206206737,18.311327237478864,3.0
31.53966533939425,2.8887266967663905,11.280009796900266,7.085691923540129,5.891511322800369,3.2175792643997765,11.607375357534082,4.643592430585152,1.2580452337755939,16.91815153487187,59.54672648774703,77.81689839809329,13.897424203588844,41.09468250043969,83.72087241392052,3.0
35.703474850273494,1.0676463493124488,28.93385153453574,5.112644631781883,8.166219947019957,5.702963947499631,17.620724921057803,7.546256577456007,3.3865991344714668,23.60683713868197,109.21758644535892,31.056155201358674,25.222636155040185,104.72192216766452,32.088025844155204,3.0
44.76453344743916,8.10149032741542,11.935531876864669,8.69909090790266,5.424507381515754,4.933570904003338,6.859850853172618,2.7577402644653506,3.5143673621660905,18.46738622642654,109.25764585715582,29.92683276754393,37.0323570411233,115.52461639261726,14.31981772279766,3.0
45.10180198689067,12.308309573522333,10.47037218757902,9.64795724409592,5.100791258744094,5.33573109087009,7.459904625954227,1.364382901502752,3.655357050005427,18.523021907377046,121.01224427157939,21.75925631436746,40.240748637838436,112.03236887177732,14.793378171243969,3.0
41.64471114686849,4.5490643071828325,17.429333167936097,11.645294132456014,2.5688108113767165,2.963570449826787,9.581235622269995,2.9383157583274797,3.555970433667298,21.883132629866108,127.53651791918351,18.381799268476122,48.98580895664306,106.43883498290937,10.844927657550429,3.0
34.98899471640993,4.154460984186166,23.046381879302913,10.468348200841893,3.5189938122694846,3.1103390123064667,12.927294178232207,2.643172313214061,5.543259755440635,30.267027437296626,130.53386257790177,17.185890283034695,55.00527071021627,103.41687176477292,11.516432042711845,3.0
37.97064518774082,9.526336741245062,15.449293498480486,12.034943047178272,6.273631689406169,5.112214779552206,12.060191598310457,5.3967040950472995,7.9517786471624765,42.066173503192154,112.94212906934818,16.305300225192124,57.67375119798093,100.92396861012887,14.15105529979798,3.0
39.73020148096403,2.588932403852032,22.872301818022258,9.644353788454502,5.6179995678653425,3.859972428136194,12.757097138088472,3.8049498940477045,5.013685468055068,27.680420194803983,111.30855941833194,23.827548016251054,65.77974286614763,84.54682132563927,12.801471552175165,3.0
42.263340280972606,8.74604054922168,17.472071988869327,11.04281074408876,4.43033271634302,4.093010060448818,7.796921522462161,0.9990367488632926,5.690786857347484,30.38138387321459,113.21678457880967,18.9904460720861,58.68934078650155,97.16491852156761,14.25471338015364,3.0
28.3624331784047,8.47799763304139,3.4265662239704895,11.977340777173225,3.52096995614062,6.403113777171606,11.789531230600355,1.4679326650458306,7.198091965373494,67.20078242823925,65.09097297437702,17.24730674892974,96.79803703165032,50.2435323271646,15.443789134198564,3.0
25.878490164699958,10.441906399848378,9.78773544914019,12.874085293869754,2.056641246001009,6.294335511782404,20.551347735793417,7.696729837181171,7.116455499622001,69.34420687964355,52.142667178787484,19.461799602586492,86.01760528975035,65.8369559005537,16.24612847536986,3.0
18.850123990714184,24.745034332433786,24.718168896825546,22.142716331138597,3.3215809357043535,6.052233663396304,22.661382586566983,7.3074216448127665,5.726991606975845,72.98836204701182,74.54527597828685,22.044822054767657,74.04655146987739,78.10183666717684,22.892620023396717,3.0
19.03684045089241,13.672491445345335,21.57258046898447,25.44330422843794,7.06292643175042,2.9284768394452283,22.873707456629013,4.944982443141577,2.9377126516700605,53.82904499055612,111.9214699499145,23.359619009932732,49.66636319075425,102.32076252013569,19.13523834738176,3.0
21.295147117884973,17.100940106535035,18.086562104504672,24.4235214504876,4.431051471036946,4.043782640931291,16.690246112674586,2.548764723449148,2.0340170825404646,39.86779032984907,122.86964772524341,11.98140102778681,54.800871624955114,93.07881645715366,9.152256908483348,3.0
16.003761042370883,9.826743614333171,18.6488391835158,22.53626129907805,4.647712252838388,2.561405819851961,18.411360102091678,1.445151285618166,6.532605754975595,34.17196130343224,127.6685870776184,11.94735310825873,53.615920498149286,96.82281815531739,8.695014978956294,3.0
17.784552397091744,10.32151897386032,18.44372500114925,21.91989006626859,2.812087399044961,3.3934565340604017,19.480699157358405,2.6833576881516237,9.879510106367903,29.259979061499198,125.67317152952222,14.924505127361742,50.828720691864255,96.96659375392325,9.847019836321547,3.0
23.892081287000902,19.297530527647133,11.272216179293649,24.416425236912403,4.469281878940136,4.3379448181805635,16.071372188041,0.41836449551691335,2.273690051433827,25.63567231963526,139.63333171370655,5.18893977046894,51.7135986683968,100.01564879156794,9.399211970974415,3.0
19.719804298259085,5.562313993965818,16.839121952990485,10.201061312338506,6.985206496171699,2.2471665758923764,22.170768823987217,7.28806374193618,9.180898415114187,29.583946825814454,112.43156867780434,25.123895245532953,44.893055789069976,95.67229487677643,21.058413752448285,3.0
20.613266540134525,8.18685553772491,19.921764736177973,10.99688010099897,6.831612010219184,5.26996082209549,22.418711885209888,10.542664419321268,8.077226516574255,55.26288915014869,48.27730944879213,21.511952733882186,56.35152971680741,91.92458380586913,59.349643618340835,3.0
15.27695380432098,27.488744395254123,24.005875043960735,12.194159501210567,4.592819832615143,4.862911105978237,17.61729284494255,5.672735302738531,8.388592850962207,73.8942222716614,46.34089813462863,23.66343726640262,73.78244637682393,83.37803091958934,48.50713608750925,3.0
26.52608845103175,12.762532323931406,6.270255102008318,13.501127929028756,2.426770700694302,5.121007626126107,15.2388310047214,9.014998157666247,8.348117980513948,87.19852066227294,35.77719994883896,15.051343426871135,103.67896848132553,28.188877980643255,13.719270484189426,3.0
36.45718702952934,7.19295940077962,14.458013088576429,9.818858619293252,4.217881536972409,5.62033037993115,14.028359829485474,3.6167165115726414,7.768625954345281,47.853221695058735,109.41246007531576,17.86405129777961,60.68719711805188,96.91273007563446,14.23262221436398,3.0
39.138065459599126,6.363042614126176,13.906008766926231,11.430850102873068,3.290638668576206,4.296819775733942,15.692033798915405,2.431196159588576,7.325593351451241,49.19005029436066,115.07677688416193,16.835916938008882,59.93088108840223,101.81059614711396,13.99936805701876,3.0
43.768639173557055,1.3815453881967912,19.040207386816604,9.108397105427791,3.375092441154653,3.2445010314977654,16.53769602889978,2.0021547485909923,6.562246342885196,47.51788226697811,118.86728819148277,17.03073822202924,67.09723219299455,96.97172386340858,14.072422634097942,3.0
41.41157446225615,2.5530124499093496,23.495197386369657,10.214361086228019,3.349716504622627,2.6529448467878014,16.88614117727062,1.3100366055811858,6.334794324262327,48.51790449356768,119.06873899490552,16.056832096130435,65.89621009504029,98.72210536190606,14.24869922105913,3.0
39.26988547197009,1.5388787005747466,22.829316529152564,10.947846024203576,1.953676960008711,2.9102103811348528,17.75212256699621,2.039997640523094,6.637852157494511,51.29489167374148,114.67716072500589,16.63734680408221,75.34336141271733,86.62434043694685,15.04017832778812,3.0
39.916620046609225,1.6713881430305233,22.40655466951898,10.887629771548413,2.8171706622507435,2.6339195530225097,17.78657779164683,2.2418279388559585,7.051556898974549,52.9001700520231,113.62524337816548,16.437970648580876,65.69548879467129,97.5073227352994,15.413734350406184,3.0
40.57953273083432,1.4777584131604868,20.966507965671706,10.761637386797382,2.6750790620090195,2.9388148129519474,17.314855441280976,2.053994099265214,6.865656880310289,53.8633876733205,111.95140552256584,16.717022044514316,72.53960150606943,89.49225904130886,14.968893625042616,3.0
38.64940301104388,1.547223789101119,21.659330748793238,10.52990745973821,3.6338605339064807,2.8357577402635843,16.765125739883672,1.7595597747661629,6.46385727541611,46.644049471282486,118.79516996166096,15.932533943461467,65.61415308353581,95.19075234498771,14.598117843244998,3.0
33.50014033552419,39.7019210114581,87.1793323597138,7.053341621283612,6.511041821381576,5.101145823108848,4.118016129243547,4.480665731538999,1.7748891408505776,2.3279817112866588,5.279146773277996,0.6034233692354284,0.2322946166178972,1.1988727424721135,2.1159848167874418,4.0
34.30801127369422,43.87546799970759,90.52731236529941,6.947085608673863,6.373862145485992,4.546010685749856,4.326806070044693,4.969170888710812,2.0144121603677974,1.1736175656669308,6.72073525416809,0.715001535517403,1.0208453861697402,2.514535426082021,1.2075984629117797,4.0
35.455479511929006,43.37998880225006,94.72004132318249,8.27130580250691,6.448048905538544,4.639209251431174,4.268088695493662,5.154893262112372,2.119622319871532,2.0257399413329087,7.375703848685763,0.3834005091298781,0.9109757120518827,4.222678217474208,0.5278422282303326,4.0
34.07417106555568,33.905415990390736,97.610568746871,13.842218874500395,8.622995434077506,4.543922039122072,5.777883459344103,6.477411753719269,1.7207776393844423,3.5531312610641455,5.400258011066661,0.4841439906558859,3.7916903952288026,0.8852589081187273,0.8841996058086048,4.0
29.872988538812553,35.22405638010896,97.87698590589324,18.546748563291683,10.486614425771156,2.818710925975088,8.515213855890853,7.503902426738764,0.07933503425572996,3.1761028949359082,4.337946811828352,0.5099556699041475,9.692102422249159,0.8105120954381866,1.6574036861309138,4.0
33.39060166699975,38.61381544613531,97.86351877135144,20.385392299764295,9.626915835570756,2.5981481175603673,9.983769743418412,7.035365455463152,1.2874057815642341,2.7171372811141676,3.8929499803503904,0.9019981208984207,9.718229915433692,0.7650506915903104,0.8650224835376829,4.0
29.80658974657125,39.32276739607361,94.36770226395005,7.692947306287588,6.816457656157018,5.457209421117181,5.325373692880231,5.1584828378043115,2.188005380635544,4.145171659104874,7.593596981759628,0.7005247840447066,5.55929596683791,1.69242239578848,0.6198366066839859,4.0
27.65409521183148,37.39540793577581,88.68324434464873,5.751542186376364,6.0832497916440955,4.77981823676423,6.928920078751324,4.662242389274548,1.2643767641317716,5.803238273027267,6.105139845351577,1.8734383102783874,8.022964730485295,1.9271557445719965,2.0675368997868433,4.0
27.259650672441204,30.648693328419572,90.99861869609309,7.202251370996048,6.849159371352343,5.837877521463778,5.860779732794805,5.0787415472334185,1.9343073131238515,3.822796556859049,5.165709846142261,1.6468289992340197,4.029066203175397,0.9388427997229252,1.439814290282976,4.0
30.530187778627894,36.74189662905272,88.83255632749592,19.968315758751277,9.06739282417133,2.2571634396475644,8.964687117909053,6.340945757435024,0.2748106314990721,1.6362126610875172,3.5403671476855103,0.45772968760021737,10.666123659834456,1.0038759401309207,0.9254532709148378,4.0
30.12111075429841,40.453081357299176,80.86583052530045,6.413205899958782,6.605240349264914,6.265288570461945,6.202987527276589,4.480592748577203,2.0215491983117553,5.134797117148814,6.97567728228625,0.7079376426448442,5.569555908600593,2.4783416551505173,1.099877077180752,4.0
27.781696664202048,38.60701024643968,91.28902710816233,18.156573239336787,9.120698478511427,3.8984263925847387,7.988453568105684,5.87867681810772,0.9081711346074987,2.685382914315862,3.937171595010717,0.4363139298194933,8.0885168330454,1.6322188194754539,1.0369945752914882,4.0
31.128672899185187,41.681275868568086,84.07097054606288,5.19349869433927,5.709148795077331,6.277888074844447,7.322978506420251,4.848150859765708,1.5043474457859625,9.742885934073845,6.572073131354178,2.2940402473146335,11.118297218763269,1.818681586134417,2.6545362799175054,4.0
31.353687128196935,40.58817445976786,91.06115535714123,19.328002470965373,8.734111374061296,3.057382785660523,8.99287189392959,6.005828827982022,0.7864888393300351,1.9799839494096994,3.5696309608829546,0.694509580150829,9.797763390371149,1.439241440971334,1.445507362520905,4.0
32.22962658880098,40.932818272871394,92.2318746811051,9.961643853744674,6.250934255201257,4.574414599221507,7.756835938810095,4.985208139304251,1.6958003954241552,4.8235915009746275,7.225118439021799,0.5922763731239866,2.886267492339519,1.8562099615740988,0.506942824454313,4.0
35.39433899200227,40.3416007944433,93.0148963414828,5.655073883554947,6.248593334635227,6.140520515439539,6.155021661617344,4.904127661173563,1.1190376280263354,6.43186293943321,8.643504082122151,1.9418792183962694,11.131202326199986,2.105216496487825,1.9041049326437627,4.0
32.59397761430557,38.71342326607659,97.43954773752436,17.885386398704384,8.578683746786355,3.1702463055031855,8.218759916342885,6.181330198590557,0.9357372431073434,1.9774665146081531,3.8469139490295214,0.9230537736168627,8.984169044640845,0.3368648670072226,1.338672073272815,4.0
28.701508306727437,6.695415280532006,17.227608497091538,6.698557396786688,5.801812512281799,5.004339647002584,4.672000101877353,4.9924060485696025,1.1947177888843625,5.020581452183596,5.375322378913932,2.817654056993801,11.28695038240213,3.481418883011594,4.2448966256532366,4.0
37.75420599183292,49.01906623813167,90.02985086133542,7.925806299630746,7.702836020761724,5.930741067879676,7.1220151329952515,6.067404500554627,2.1846531808742555,4.951598429925032,9.250414517813141,0.6930936970680175,1.8359841760432882,2.9302285516039692,0.6568263256395608,4.0
43.5192532562619,47.603487560876005,76.89969461221321,9.815401066798174,7.222576320691947,5.838735689104133,3.980880941467121,5.17025480223715,2.3263284448030817,3.4045278894690245,6.960572185645835,1.0905623716522814,8.984270409598036,2.152751907648765,1.1380980048978069,4.0
38.576557528480606,49.06429734315616,76.03093710185333,6.345295471627769,7.510969779091473,6.8896732142124995,4.961453882534994,6.032190368080127,1.6102210042157532,4.632663404236653,10.395408722244756,1.2055200409840443,3.887518132017888,5.887118564737376,1.6711796397287109,4.0
39.222986212299084,50.20505477430089,83.77359182464146,14.146938157463591,8.116536701516068,3.7486293572569727,6.182215632496174,6.3863163630452435,0.37110637670225227,2.696290546090871,7.486800066992428,1.1599374564675888,6.775887936705986,2.6535262627519485,0.5900290284808457,4.0
38.49182625395633,52.03386569707377,80.24812547771552,10.49787134499193,7.221564366625469,4.447802484542064,5.528861642337481,5.748032385363283,1.7297097583242844,1.6661445350166508,8.32173020913003,0.062132433190537656,2.8643554911367484,3.600038083225646,0.8277657715295036,4.0
39.74333799933433,45.952801207994476,94.90627592651641,11.524626683110842,7.3922314026475044,4.086092209880186,7.5246279205452655,5.9061566805884205,0.3452800295378913,3.550376215630621,8.754187737664799,1.291735047891143,1.3584354783895778,3.0903317772311465,0.9745852715862822,4.0
36.1261193906066,14.553052366882591,98.48041881388647,14.654187220453146,6.264718120853359,3.1791590410591235,11.103813787867303,4.557827787115287,2.4205471293888268,8.598605220385776,2.269013234006196,2.365342209387237,12.849527916548947,2.413320849839297,0.5030373654302788,4.0
21.233672661237705,22.31113197619919,26.729658858350856,16.31657648295929,2.461925418151355,2.5053044636694004,11.849349223049975,2.2320529800469715,1.6139749611647654,9.765698554392412,3.6962567219105518,2.527903993702096,13.295622796822126,2.223248929541953,2.293153495709852,4.0
24.02012517966351,25.93530340342793,25.84070722210631,22.152406479070635,5.786434702052991,4.098694574319495,15.34826206680494,6.517972274653464,4.0437845983173935,8.245577458547134,4.61623438674724,5.213889523672348,16.696405907007215,4.982726713280203,4.360021622003797,4.0
23.65429756778624,44.35436850352794,20.23084147012326,15.222030613899822,3.741957515926062,3.4386423142227933,6.403099156777404,6.823677123996556,3.34751004249153,12.607224349615082,4.053828498685531,2.286015699818796,27.191263818170377,8.99989908637285,3.187725035454081,4.0
22.906424832317146,56.11465980433092,29.75729173307348,11.250105566213932,2.5659022577843507,3.437485968439005,4.038768825491634,3.15415588219883,1.7268585899791928,9.959787436212633,7.425032359055727,2.5123727186884253,28.492772554689157,23.136391409215644,17.760836591422624,4.0
26.97069047326453,58.33602820385394,27.644599080684422,13.359003125578285,2.338781036156301,2.840354800955803,4.681993788846576,2.610597275869743,2.7502481383314814,8.08146867061798,9.510765268490548,3.1271291901673814,21.846882197719,20.925623023286153,25.052811381423243,4.0
19.147173879089973,43.91395495066214,31.776330906500657,13.162724115018891,2.8102750135364594,1.7934592704266055,3.0838750989601222,3.2005355091500265,1.7589619632003204,8.145134670559571,1.8009157459499334,2.648312586300297,16.566733433413326,2.193614596897586,2.5992022932305887,4.0
17.25101519905061,14.984101032253726,9.996536848603245,16.73359800124043,7.5067670380128,4.38665137545,15.73513422488322,5.476797865151987,4.257138879626137,9.190459844492384,1.5578988028698324,3.8169802951222342,9.800231154323912,2.3033415432223774,1.3684262037979227,4.0
38.72687613225383,7.874638736642202,48.41087493398789,13.576745156549592,3.9874405603129994,0.537169643670887,9.003393453846115,3.4412127639306855,1.6341568911991164,6.472989724888336,1.499774634148521,2.219944110952856,4.470921281157096,1.4439053270761288,0.8084603726591526,4.0
38.271407635385664,39.600581991424825,98.46924849841287,7.411838330922856,6.652252378059714,5.081959877654893,4.4387913097332214,5.170702375336017,0.6511395560876442,5.192313565235788,9.929157587566552,2.726765446807082,5.533883480473355,5.503803235856685,3.292211897671433,4.0
30.82146888291029,9.876611042028287,11.877348929534975,8.247438402659574,7.0210083172707485,3.367670355376951,4.901005500184214,5.297431593620442,1.6412888459092183,3.0331338541141375,3.79462706283333,3.069635347300816,2.145523292567437,4.171388877402514,3.038143010717832,5.0
30.3995200321763,9.034115315346913,11.929582687677136,8.093447915113558,6.601472253750395,3.729024549211937,4.75952118603121,4.8207441103156015,1.4114270607829644,2.7755237673169084,2.983248701248508,2.9208409727292084,1.5672562083953512,4.4010569466560865,3.022648174131639,5.0
29.55171687690304,3.5578678478229437,28.990932798839367,5.761579685864786,6.36598525545953,4.495265140825447,4.051435496032241,4.65211020877273,2.019737897813912,2.1170505966943605,3.0602971831349937,2.9252996123493284,3.399205467535805,4.079437524532044,3.4647378699849387,5.0
30.3561693235603,6.0779918434753855,20.39786348068406,7.228847357184257,6.199461272055501,3.888523670460802,4.515326814700129,4.433698682066104,1.4629007235884768,2.7143181349454077,2.2939927359908117,2.844218605169845,2.444935864700239,4.574153305925799,3.3580963678341686,5.0
36.88986199202445,10.878597959833222,25.625681953500965,7.8751943380264136,6.633765778753055,4.724906137330354,3.822859912285398,6.114794467811537,1.3397035027631716,3.9954224780314074,3.6729468525027653,2.214095941801524,3.471254348673218,3.6897875647920753,2.3817451284606617,5.0
30.859864122093878,8.965148178246636,12.650125489725593,6.766950935652143,6.942832320391942,4.858786947921848,3.540032814272688,5.964431894048641,2.0000224664101505,3.684728470652234,4.35590194687512,3.4859364357649136,3.9247009063188236,2.8092153168286336,4.011174200564745,5.0
27.71263385472011,8.053505263618165,14.813793562777418,5.319441555751757,6.387359891392677,5.863889761866765,3.691685877803293,4.901771131190618,2.118266977985712,4.2046820430697975,3.0804789614456394,3.9322616726179502,6.452383764595917,4.851863695681933,4.123697980676468,5.0
30.527011739221603,13.252991320949924,12.616289755237128,8.439446375442758,6.735366037202763,5.445154371457836,4.250141547437638,5.868344237171157,0.3478388726010857,5.001271372620186,4.444135100835639,1.9446393062385614,3.981572230171987,3.9654593502109035,3.4248865222423235,5.0
31.054779253568558,15.281572547478445,11.39806065691012,9.194588126668926,6.043318650344072,6.9608083632030935,6.125696352503439,5.415892893406737,0.5028879974219441,5.056206183462347,6.3050837638103685,2.405687058228091,3.741551516958575,4.702014275702502,3.563578103256586,5.0
22.873836943721127,14.029848150917301,25.362093105460556,40.41440613292362,56.14658989145132,38.693216836535726,11.702595667371416,10.787118116199906,4.507020443628338,8.734851206172904,18.812280466040278,7.938743445051825,10.727880748739341,14.512610860609202,5.2240278766308474,6.0
22.229347649253704,14.95112718760153,22.448116104422837,40.07538026384361,58.978425010388,33.889264896469214,11.81613959236589,8.747408049547243,3.637328466299815,7.691295716210368,16.43341466225865,6.864180191787139,9.603149689250282,13.53094454168691,4.49952780881636,6.0
20.531548922872854,16.01517290612038,24.198028186015716,40.08028488691744,59.81220891263701,35.12790930058873,11.343776118149066,8.96989444837186,3.6995599632803366,7.452212335275814,15.758870726405837,6.955383697082713,9.753376409909576,12.936126815472113,4.22982501586279,6.0
21.739707080714204,14.760319706999478,26.613943395896726,39.37415423365033,63.469590219722406,34.968305166973416,11.006908642880212,9.306177490483854,3.7224076387318377,7.233995424684103,16.806773984462424,6.807740718040642,11.131969738917913,13.463888368677654,4.233510861419704,6.0
20.584193188883987,15.411345883002577,27.484644185137103,39.87714136684338,63.09548779731041,35.682981903536366,10.904687273452595,8.911314465173009,3.6033742201372214,7.8931718251124465,16.101572914202436,6.258425872429158,11.655588806687845,13.486303054992836,4.071991071215844,6.0
22.944636653934282,10.160855765716432,29.183130510373047,33.72662019337854,66.27584573943487,35.58204906002793,9.581864820287935,7.008250859183898,3.669294351685728,10.239061141194801,13.968097613914065,7.1712870139852605,13.584132663501014,15.004883098003793,6.0075847484067335,6.0
23.693527584376046,12.797991840723999,30.100782409276754,31.69409277395385,73.74935472235137,37.28371992773269,9.304967909752712,7.248821752628825,2.8248961340513787,9.161446994834044,12.968536232628852,6.18701407756887,12.63462066230462,13.818158492547006,5.3338073287158165,6.0
26.26311956675619,13.88707888414193,38.31616010775155,29.605701080011066,74.30607941477855,40.48655709103449,9.196659896944208,5.949527242515944,2.9334819269792267,9.067115124768877,11.820945678845588,6.405209778722366,12.207001276926723,13.603562178252995,5.60038192330401,6.0
20.084404089237363,10.921699805021854,31.188258807715922,32.346947707226704,73.36800864529359,31.604857728387707,8.965950922635251,8.909294401698297,3.348753715962929,8.327735208063237,12.962817566742858,6.082102998388287,13.763261500414364,13.741118803826074,4.9474053112753715,6.0
18.569412822022898,8.570120357720986,12.400874466263366,39.4753514626962,70.1173826006828,26.54425554469369,10.838964543836777,14.453768913708473,3.8865752045819257,9.50991136611937,15.482925834652853,5.432492975595967,18.31871148452342,14.676876858516655,4.267664077211178,6.0
23.333080072812923,16.1353674120833,23.914776231664,43.81247583802808,81.90353083431106,28.985537067143827,12.95572636995656,22.596972455599484,3.0770407286835675,7.513122484379214,23.643871527120197,4.772865685244932,18.81864317502834,14.373898509199975,2.4545146930592305,6.0
25.021783343660125,14.084509362417146,22.7498637205999,43.117962806091285,82.6716864029567,29.441213651443164,13.56067354932788,22.913657113443275,4.785967183937395,7.141501757710912,25.085741681343194,6.34760642214778,18.316102142985173,16.15747943165273,4.317745082602963,6.0
28.080459405813937,14.106725742292628,24.222779553559057,40.49968339696272,85.37725390630786,31.846772314911345,13.308706517027993,20.915638218155408,5.01148386585161,7.223445171068193,24.764274174828174,6.699999763639769,16.1747331639823,14.813910641560614,4.031158730446265,6.0
31.23479056965026,13.753806278218512,14.230877137186754,38.7914153790879,90.22641839036507,34.27579208935756,11.649021597203223,15.105885796291103,1.8629612807249474,4.773207416104631,20.913321564721954,3.95606163984299,12.095147441473786,11.89169137504112,1.7107592232119282,6.0
29.329359419733123,12.6873342548873,21.969506533296222,39.10945166826401,81.22022756077068,36.86218789898319,10.258341790187941,9.170865635074733,2.459263477295587,5.155300011874669,17.248176491181244,5.020616680547031,13.710472808463566,11.98888315788014,3.580481552995994,6.0
24.35090867848827,10.124464957270128,25.490808315495574,44.84271431176712,63.93068452379754,37.322203105128956,10.41284599615944,8.090498475461516,4.195990829735987,8.326002338382482,18.176153120104555,5.613993887073726,17.623472961943506,14.892375304393072,4.203318368168264,6.0
21.202791915790925,8.7472847760441,19.297685657351284,47.20631454978841,54.67635154289902,31.548380794420684,10.518257076097964,8.074396077576022,4.182301450776828,8.45841701773895,18.07297766179114,6.0017523210415265,16.049297792619186,15.682962739294299,4.558398464760005,6.0
22.63597143128742,5.790580452892343,9.936053746703662,49.95253703941966,41.49229615981077,21.937014454575138,12.202133545604385,7.836857790223505,4.592690496030634,10.478116372973966,17.77114191578407,7.4779121936018615,14.970000163784134,15.399867499258905,6.176425011121984,6.0
24.989383672891144,4.475890104447379,1.5328579525721604,52.47624998708828,36.6892236131257,17.65882749376467,12.678953244933556,6.685934752002386,3.8447900981421594,11.5367129694677,17.24109733027534,7.9635536988610705,15.418827480900761,14.940231138593552,6.962584790590106,6.0
24.339476536369624,5.702071513117549,4.390259745622653,49.675670594299156,40.7640205560454,20.314478171052773,12.503195021967295,7.556856962607561,4.018855280809501,10.52088030754919,17.079372437660545,7.141697245310166,14.795280552031388,15.190962097553477,6.1950737118784,6.0
21.35420202715668,9.613762379928755,14.634123643181992,41.21455494621062,57.363471817184234,31.236990619418233,10.122421375751397,10.893809791866467,3.456225062628875,9.448651996319992,17.893068885511045,5.9845547607231415,17.37809645037463,15.202047283361212,4.241203363058455,6.0
21.73230440378844,8.891387658035498,18.15749133614091,38.658927011920234,64.83094179260532,31.914159829033544,10.312445170996778,12.471038278923551,3.2939059183804877,8.568456613014515,19.076448694973454,5.998868145384257,17.51820402975758,15.846370370669925,4.465933178252338,6.0
20.680418859276273,9.005207261703662,18.985493669345242,37.14689398178063,66.48520921009155,31.55315033962619,10.050255147842291,14.5051125286061,4.208387686056148,8.44932125219196,21.17213953362565,7.748501002747447,18.115984057799075,17.193911437586877,5.868278593637283,6.0
25.779991651168558,11.73621139494295,17.885680274492973,36.23189374114185,78.08266617179856,33.6404670231573,10.173172158463323,16.34171938786548,4.858070550024411,8.397679746971123,23.205495019063903,8.806073004186414,19.88213341132869,17.110047331163145,5.854205212648689,6.0
24.868475574247213,12.289808078154476,22.741938913909568,35.971381947138624,82.49415388280185,33.20362709496027,11.218720271501178,17.485035399662454,6.141914990314024,7.218548201301045,25.20718049720728,9.661720064864443,18.80456166135049,18.638568364696976,7.024471601992896,6.0
19.865762681641613,9.715657816843148,17.000907839079993,45.348253943838294,55.18764691066524,29.869458848661097,10.694850633147416,9.173963142148288,4.248641012801497,10.515763222767811,18.452186213200402,6.942774627145607,18.27317679186042,16.952728093704145,5.3043309755989885,6.0
21.355471619921715,7.345465714300649,13.75141569568957,51.15219808114479,43.370863507244536,25.47591795788552,10.281010235090127,6.388024207001577,4.505296142308014,9.634054287805272,15.611036193849825,7.079961050414252,15.330422988376787,15.604434979255975,5.50341902057024,6.0
25.078897772800982,8.852265456308855,13.580419715455736,45.964002977520344,48.65673091423308,29.84827027468831,8.853069495742057,4.509852377824537,4.500185983166247,4.7586223827120575,12.774645985740065,5.936277257579687,3.9537423188539003,14.120233594113534,5.275757618885686,6.0
24.542345009781602,8.97545437241317,18.714909159540777,45.75415585914088,45.06369745123497,30.474164981977978,8.682920082723973,6.322400851455537,5.345116328710499,4.583551031412251,16.87320988782927,6.075757752099188,5.634264984447068,17.08587919202352,5.4116127939870315,6.0
24.950902119559117,8.227855207750018,17.774553864795497,46.15580426150262,48.600882637274516,29.639622986407428,9.703374198320729,4.31445992153669,4.554900119752789,5.036663056520376,13.206260325460365,6.275716842759756,4.373305229930244,14.791762491868361,5.698312096626284,6.0
25.059624875624852,7.387919552508516,19.072519325652546,45.824306370735044,50.375462005375475,30.601384081514194,10.472555590943118,5.7505931698742465,6.566744274980146,4.6778592636101655,14.96503448948402,4.967323184238583,3.2686072761132543,16.696821970167367,5.472118009124058,6.0
24.557935854085084,9.02515466641596,18.907746384180438,45.83780128991245,54.73950165386984,31.332980048587437,10.638344282852104,4.466493171838099,6.133837147071428,4.494312430106879,13.243633344320354,4.59146353335346,3.7601644307763817,15.312287228977759,5.211551092146945,6.0
23.971951707370064,8.986628033122429,20.988279010881378,43.74792539860097,56.894069003328596,32.60523302643805,10.410170178485165,6.350558164613347,4.8408939392371515,5.7850371602825845,13.105738149480864,4.932110839102759,4.628644595492773,14.617361568884602,4.552458416669519,6.0
23.07695587714507,8.234881326478835,20.112180947474663,42.2530371298935,61.81644769525907,33.55286281981964,9.771812520750862,6.574309409207292,4.859586226335003,4.352268945099918,9.192262997917872,3.1083779725039817,4.553823149670724,10.930718852803148,3.103627355384967,6.0
25.056272642441215,9.776202714017002,15.475045076748984,33.61423562258181,74.49016248042211,28.902856693741878,11.741054205000971,16.637687986895504,0.38483403165103797,10.40167591714161,10.735368809605859,0.5298188285666314,19.01804910964462,9.621206622190574,0.296695333492036,6.0
24.19404571754929,11.726342968214158,18.478690750956282,32.95254260750665,76.19743426592656,28.827486051299385,11.269941703827918,15.932773867524784,1.1474673592867584,10.337423983322664,8.105016531552144,1.5818612334287971,19.585399858411783,7.935325597946016,1.54663442089879,6.0
25.043755867246126,10.521853350407604,19.762966793202658,32.439332503910116,77.26680810229907,28.605612552100506,11.336961107066195,15.597098808661492,1.7391137320699626,10.104339568270388,7.4806734069062255,2.093317426932285,19.331544278161154,7.7518693866492105,2.0555399286650236,6.0
24.649135133702412,10.691136125540392,16.71334669215848,31.910250695335368,79.13716893968817,30.785149678949423,10.88609235009751,15.8138948831268,1.5927466966184536,9.734891876026929,8.114416961971232,1.4977442782017385,18.9394974773424,7.90526786252949,1.3422946479022957,6.0
25.946700657934333,9.082576666981195,23.469254454623652,29.10308522998198,67.01745706356618,39.39941215145142,9.552784710775297,14.344760637035769,1.1749801329773495,8.62706839701067,8.359628519790222,0.7569336548677039,17.551135783880937,7.610281014801368,0.7470057634916589,6.0
28.45978337481382,11.466236386236348,23.160103935589788,27.74399857082554,56.76522869578884,38.50371123889438,11.183291485018188,11.812145113889413,2.4598889215390183,10.638803571297876,8.378411279330841,1.309774156907633,18.663401724057344,7.5756101559835205,0.8094180411439886,6.0
27.19400493052189,10.958872964969473,27.958214306592335,28.630475560833567,57.8288482389378,36.598875856688366,11.379774603573544,12.261705770892473,2.1980944088606016,9.963608127124534,8.061720112814783,1.2241243964572708,17.969182287522834,8.285809295483642,0.7732844915906131,6.0
25.572993759559495,9.548580937111819,21.858938907958244,28.108945515698302,64.4260866475517,38.34427507248499,11.04099763557554,12.57426678304433,1.775139811989665,9.942535029877606,8.832069843772967,0.8353921544165416,17.62055948824399,9.700210631065932,0.6629239415546417,6.0
27.1641986952641,7.853956133751473,14.187771091893511,29.23456408455965,68.99995036633031,37.34106723592207,11.665551881451153,12.013141735071754,1.1497019494129581,9.47569562686229,7.955685260325435,0.5332641485152512,13.353627231911636,9.005336053544385,0.5825296628164643,6.0
27.12530396779835,7.620341630798645,12.723118972117149,30.528558870838133,73.59941488676094,35.290963062521016,11.390953725684676,12.127595738435486,1.3141705648468416,7.856791838132539,8.375409853331702,1.029589914025567,8.6489581657364,8.879777388975311,1.0440753065091035,6.0
25.865453224789118,7.821296988263384,10.819842611568104,32.522910180490236,69.17974818929049,35.850161667345716,10.673838303222785,10.206418491287089,2.6745059011347894,5.552305201831807,9.210795450724339,1.741564733915896,6.84871860264384,9.065689616305647,1.417724996001735,6.0
24.159371919159177,8.107725110225877,11.033708903621667,38.180670462511756,63.96912292035012,36.3381473652988,10.283435119431296,8.531614754178474,3.641700355197623,3.9387388811260284,11.907415569371661,3.848597455255604,5.1421390968268526,11.166191907553431,2.4780482108466066,6.0
21.917580965910922,6.586867659693195,12.335953579050559,36.28361807027594,58.47748082750126,38.00670024317057,9.168354200557312,8.629590790328196,4.274257208711161,4.728972714678411,13.225244000270251,4.409462164026707,6.498738680011902,12.869342769863932,3.27346054066223,6.0
21.93598609230661,7.571535998856344,7.746146367867654,38.21059903582801,53.99272193741671,35.45129967656366,9.227843963538287,5.350539765959544,4.127523121002411,7.487838568004158,13.05179095780309,4.768931085192621,13.034323015260437,13.78331854129493,3.968531257150594,6.0
21.793497293442385,5.7982394358535165,4.638948267502415,40.572909369170176,47.37203132881043,30.59456650288752,9.876391849577617,5.003604063806663,4.7018485761070465,10.269163172321335,12.789485890853976,5.939949099799234,15.505817947096274,14.048677784717935,4.649206998632915,6.0
22.650199399375627,5.261972248432796,5.808099597992654,44.49748231871675,44.41667032094691,26.411010508125383,9.885808933525167,2.6884498509481003,5.009329338917578,12.201320980379093,11.126992292347307,6.098031298016027,18.369026774232395,13.561747856199492,4.567264877267743,6.0
22.96548283833456,4.162026335744685,7.094771013094459,51.35861359368358,40.6681094269501,21.906677943885942,10.522016287099667,2.430014074568034,5.052598048840895,14.819987930308137,10.100844889495157,7.792199971384267,23.417375241249424,14.453520344860383,6.069433739590944,6.0
23.159796626272346,6.628081436472053,12.332742778606821,40.20170641133545,56.25940728473237,32.18527254273946,9.66560708067834,4.836141822696645,4.9389709170364045,5.230682052427978,10.222056550361108,3.6121428348506335,5.586448751585227,11.812244559458856,2.6777444637419205,6.0
25.823739382094146,6.554898286020251,12.843604331797382,38.60660567387185,58.75033420037725,30.031076413414077,9.54073070012762,4.456377203581631,5.463030439566347,5.686592178761195,8.226260416301786,2.448641917666142,10.06469884138155,10.910146149059763,2.0318021559889123,6.0
23.90401186691774,6.313937601355262,11.610437856254753,37.61621235249036,60.16363817882392,34.637535512341515,10.025639122157367,6.525028802458068,3.939441234053936,4.648240367944879,10.257323498438245,3.570591642199891,4.222265324754836,11.526888582393775,2.652313659239339,6.0
28.419257077147606,6.0712796101996,10.694107105340919,29.3414505279421,69.24045620290143,33.1029221601756,11.432521323288285,11.972669651296522,1.9711901095268214,6.934966251205051,9.10437196818309,2.0619434759587434,7.557836529651215,8.050602926804647,1.5951904896347084,6.0
31.068557709213213,7.697221882982618,19.752026523092315,30.3173451746528,74.90453942723018,33.8504212117213,9.056964197870764,13.010732561650661,1.5259231888073885,7.230483595611811,8.979774289811688,0.5032388992772826,11.651232098061062,9.040905555898528,1.154219235914735,6.0
27.395757756910523,9.249470250252184,17.818668207372163,29.356530533783694,83.66554245890546,33.64701174026563,7.643248273835256,12.870967223882536,1.4294001823394655,4.047754143596675,8.739063822069165,0.5392673659167886,10.695591268687654,9.71044968863139,1.0012071724576743,6.0
23.155520424515363,10.448057717843266,29.25346507486025,32.84717463367441,81.56050810014183,37.413338312330865,10.269604351400297,13.038092258682514,1.8081295607401822,4.3728076567610294,11.13325933641039,2.1487186859558203,2.7666748630820766,9.535735291698835,1.7673870356669465,6.0
22.248200522904582,13.309123506625802,29.271952075793948,34.06024962228043,78.53440468089529,41.250976807943026,10.741408703604842,11.781883527377742,1.930843893880096,5.096280143333521,14.03485266585226,3.0331564904956814,7.391153147212768,11.781482458554727,2.699861216436626,6.0
23.05147052355921,10.515386779511452,24.756222772373917,30.844172310476,81.3757602027217,38.15568978860088,9.260783019581618,13.142168668210255,2.3209535366237812,6.365864253910428,17.82407417271265,5.084530972360501,12.125308544504072,14.273122596538913,4.608271595608603,6.0
21.664950219205295,11.760858204149184,24.242124069488714,31.992168065514637,83.01048176404979,31.255009006431337,11.365427699808128,19.616326564215626,5.261545801061541,5.6785014891833985,21.182723501848596,7.27985220314319,12.959710232381195,20.12643533150442,8.66279113578129,6.0
19.45857035187193,11.02995043694828,24.91599695921706,34.20893600934196,73.28426785879533,30.550262106056493,11.45784607446275,17.575457756180796,4.202248223222753,7.372265418478771,21.477110116603047,8.085347337000476,14.902121508782246,21.67817035804095,9.709181964176814,6.0
22.366662935411153,9.212923170273227,23.225340273737416,33.7293089305637,68.71185037075323,38.831987933681965,9.920135486641048,12.64658084636224,3.7570909583368555,7.761332577646081,18.6539161368359,6.5416542866263105,13.373794294666638,17.644939986044616,5.972140643466085,6.0
24.668191845053634,7.341811595467572,4.430745492184803,35.99699437608862,43.39250446391004,25.962289018889308,11.501111906865233,10.795156070809833,3.6344271356093665,9.62968622216671,18.753313060204977,7.4120092246487,13.170302836701806,15.899671341555575,7.844937360456885,6.0
24.87323199447671,6.922528946680959,0.625974840421947,36.908508818476456,37.2497599140308,22.998427052456805,11.304594332615281,7.632356487031644,2.750516040457855,9.679170786502745,15.998862044210913,7.303669785831144,13.670472678176589,13.630075128260255,7.342395266814593,6.0
31.298335742397796,4.66999111143323,2.761198374800366,41.32377733141849,36.62472862665547,20.95412880811681,10.287042702710343,2.1501778171515435,2.6832753298155594,12.39118980682652,11.062682207492163,7.821493151474014,17.2341385340583,13.18930609027402,7.186452388887304,6.0
26.812281561868012,6.929333089200557,8.896548543228485,40.45728845778235,44.54572288461569,27.17421583061527,10.568655891443639,3.509716349829905,3.7040565237934713,13.017034208788399,13.438894061816868,6.991097732399769,18.853356513967885,14.938945843292759,6.046630310596102,6.0
24.69076687719898,6.574840159250628,10.298498160450206,40.919323785771056,46.09776435396702,26.6213754439774,9.742764819716033,2.7856163560084015,3.8012237946926386,13.713786923395423,12.160002869936585,7.077786643974666,19.417545598210978,14.176045722181037,6.161384672774324,6.0
24.583277902064594,7.511787678213661,12.011382770133217,33.649165748060994,54.73354103315175,36.327953681905605,8.78986913596125,4.523328504772578,3.5445069703574923,9.275044977220714,12.255275568256799,5.832737389254102,12.804405664542315,13.601367740392444,4.685141074550314,6.0
23.617478249780277,7.308703954143683,20.92845775010965,32.65330947158108,67.11456590680055,34.025226878057836,10.003174788217605,8.338101064215893,2.2686474950210993,5.9104432614383935,10.564476301095953,3.1772545509316243,3.9679102748554183,8.424002470309302,1.9722436138418742,6.0
26.162411965493938,7.803775036738141,14.384650082909292,29.626804025527885,70.23850083356791,29.105324755740345,12.128515505234947,11.317095564417613,1.1861224264846895,10.261142218574214,10.052690666491966,3.246031611834191,14.064899897645237,10.793683338706709,4.1308780392731625,6.0
26.64195054806103,7.143862970711663,14.383523957185188,30.51953908222142,67.21066919546227,33.27581260683365,10.809760864717013,11.427955025240271,2.4938065581382536,7.148436739750132,10.84817495659653,2.6715260093552073,9.22792819971363,10.195487819201379,2.144481248836878,6.0
23.336781846536827,6.392159824860563,14.47589687240339,36.68729345711752,44.64947774760247,29.99590967149322,11.052613390054455,4.427240001778274,3.739865902324955,11.84949675162817,12.417864762565843,6.800961393037913,17.288172034282525,12.764320883397342,5.32424927307551,6.0
20.916979992548022,5.154199570171387,13.191276135767575,27.229608273372047,50.1951902926984,39.74951892253033,10.777219102424494,8.272928277944771,2.9788407156806787,13.577499270967664,12.039494855958509,6.478769081751693,19.305631934453757,12.1703860993646,5.80550058811951,6.0
22.11716034813178,7.095779382796739,13.816271318996579,29.298495811200738,56.42415829494332,40.497997001152065,10.590045819414,7.891307482004705,3.2820769184846763,13.933361524273815,13.433590605501422,6.909598964046316,19.101394504476236,13.293703019540478,5.7716756237309985,6.0
20.54738865813208,8.46175301467098,20.99833197144878,30.59341760603068,55.63856624863687,40.274905294721684,10.751908103891411,8.232131809548369,3.578555243024702,13.093572339597284,14.113339265959306,7.272586709679784,17.700292047187997,13.635483342699997,5.791469909291786,6.0
22.238315600779888,8.783074267644789,19.87668834858239,29.531473887283767,58.36248548139782,41.00098596990069,10.41731615535255,9.411739945021118,3.5750045083343416,12.931049193678643,14.665251474887594,6.902648614344144,18.554312162387458,14.000049314723787,5.6791713924325755,6.0
20.761563357821682,8.361227389138257,19.697978486490456,30.18109617463599,56.86750304647416,38.17121084741095,10.593873061714719,8.99290141032108,3.9925654257212253,12.824755818525706,14.25334412196519,7.1931012753658345,17.41715631376487,13.621371517566729,5.2558669502749495,6.0
21.572597506939843,10.45740626409469,23.858092017417768,28.04603734225091,65.26129260416695,39.97373092536422,9.851112660208951,13.994682620616427,4.4844601217861655,10.903668327345065,17.435574471952886,6.412220273955968,17.687226289748054,14.913834233724371,5.496714026114716,6.0
22.35615117657181,11.025357632812483,25.740212947013884,27.547325105376082,66.16785984181229,39.85980346411464,9.981826563726838,14.906706824179839,4.89720923600958,10.79337579022232,18.655355174220432,6.869722768368157,18.420787533694252,15.308666857986342,5.651407706499742,6.0
22.732381061875984,10.221993952609923,21.85714811446598,27.139415701645074,65.58883555446846,37.98609243068684,10.042203364387833,16.295755186167106,4.800989255350427,9.949352809639576,20.259243261505677,6.8963328137305915,19.331988081725427,16.02006044238777,5.8053586930262515,6.0
22.684007981967802,8.163327865060323,15.861526619048187,30.54966619820476,56.68287574302253,35.15969989939278,10.293986941937684,11.999006495789097,3.8684756892400722,9.951776995918477,18.40644835451739,6.837763368480767,18.107294429321183,15.280652364916154,5.682580049766765,6.0
22.93243836903283,8.596846316138635,13.10038727483358,28.881014470965823,63.12275961187755,34.29346639710728,11.12588469199567,14.885976360138962,4.213951715738025,5.869644790775909,18.992719323880177,7.1733703969030165,4.4560021737094155,13.039757139122322,6.592427959825468,6.0
23.5061219732811,6.692001831658161,16.36166612093155,29.457761786858995,64.22521638746103,35.93838680777206,10.847323474425178,14.76039158002296,2.57454311751111,6.242337349934988,17.375390617281425,5.763903474208054,1.8671531295108734,11.085313188251074,4.982920111855482,6.0
24.529510193520988,8.003616445846845,7.775225603115598,36.60123499028931,41.702372518418926,28.039246931432814,9.437252726659983,4.6008088232325965,3.175779994929308,10.330853880237179,12.002073491965668,6.112022826447345,17.646835271273233,12.393824644753924,5.256540988153941,6.0
24.951914969726317,8.090263886975256,8.887538842972752,33.357596271946505,46.69292096132395,32.85627094454574,9.18155731229518,5.634895124940812,3.4062853206287884,9.840828990577403,12.350570278996608,6.173360393636097,16.249482211665637,12.559453359966824,4.962415860591459,6.0
25.657315705503343,7.515264514585557,1.810228744099085,26.024500362332255,25.8929007692422,18.468941367465806,9.442268415682566,12.928916787907262,4.6600990379831835,9.151958493516155,18.985844824738113,6.975201094621234,15.17268004525082,12.737122046535932,6.9296467009022455,6.0
25.818265956419225,11.113934373329666,7.6234982168812175,29.849732365489487,47.44034342469778,33.649734087944985,8.988800450144444,11.606712158482093,3.57432446404309,7.930039588252661,15.252952566109592,6.364332982835202,10.834525671968661,12.399955993431073,6.3691836346356,6.0
28.887601308132673,17.941637210250818,20.46184723303941,26.021908713464796,55.94479542921825,46.081625421704544,11.600668806746798,14.880471148315634,7.309286711195952,10.286617376387985,11.640492950042454,5.607674015626191,8.547363496917708,9.559266775556733,4.723943114089761,6.0
23.293309826281188,7.387473372818764,1.268572821797798,36.475503672126095,61.7152460826419,26.20066675799793,13.428036374974655,23.612009754486284,8.208646192194356,4.470960408141172,18.422628549833068,4.940630663401659,4.912297198793483,11.395735360382018,4.233486635894872,6.0
27.72474778688146,24.694516634255553,4.157168765784382,40.69511344774926,67.61549852234296,31.180163946700162,29.394252185880237,21.644486032342908,16.096338017105133,17.481840526885613,15.302492935341448,6.947045843822782,12.052905314173431,3.826026644507051,1.3251319580830543,6.0
20.03405538379001,20.55725632192271,5.878688671638663,36.37669396261262,11.320755231788118,2.2619567051923846,27.823137859136434,14.184640335367455,7.357378924314906,17.12795696422259,13.664456037879127,1.1281568791077934,8.577725557093968,5.390964223063798,2.152030085034533,6.0
20.172302029154366,21.54459310854893,34.33493844423623,40.03053910598166,20.4923150335242,7.6017105251517165,25.820462481416847,16.123166696212785,12.497972994640643,16.2134035542948,15.269677468604295,5.958427121132173,18.55814524167353,5.46736432275794,2.29148371350023,6.0
21.70741843727266,28.84692927122789,40.756132795578814,45.29231604414968,26.364171488132552,20.27667366608762,21.560204135781586,13.276637644797455,9.4493645899615,13.073633685753622,13.883822729351285,5.415758768133377,20.378932475317637,6.717361987113106,4.0283670534624845,6.0
24.420110101047005,30.902028568389575,28.288584030590318,30.35089843167938,63.305259017165824,76.70465666953753,14.446569853800636,10.233014593663157,1.6958603447900846,7.148337899399462,5.168071270343803,1.3058087006350307,19.07042721711651,4.898127567622848,1.0847178734411904,6.0
18.330970151559036,28.266798893795283,29.75113121143005,23.66632969482708,144.91402820720543,22.62972302096546,6.841978911603075,3.199652204114161,1.5972091064721698,7.966380889925166,1.5240965306606307,0.25697235905858357,19.35058495320732,4.126457968613402,2.2706789589424465,6.0
19.389947455906466,30.30974087327633,44.99558102405606,16.768387608637497,179.71268098811655,1.3553259925277616,4.228874260621047,1.5360166345434128,2.5621065470093183,9.65715626498187,4.8856773748606805,0.9653529358430891,13.566136136291597,2.688741980782984,3.15834545682281,6.0
20.814962048696387,25.9355927469373,55.737543471686216,8.35049487799572,164.7767494678655,6.560034420245516,3.1148144819074677,2.1439186935323384,4.047237565843539,4.9642252301092995,5.38397683359601,1.4833002721962865,5.771854828422095,4.206091664404742,2.5657309601824734,6.0
23.08305538590273,25.42085241620183,59.32714103540748,2.0228706860848673,148.54164637103264,17.263061697471468,2.9799105418896663,3.6472571720726825,6.18540014346422,4.044758681129522,3.9120394156296325,2.5784108860189003,4.067008505233267,3.9747163447572866,2.656113688838338,6.0
23.13274001760227,27.15093059577715,54.144873659503915,6.99013146888102,157.0092449683995,11.277118299072555,3.3034266062705733,2.674424400735529,5.568517172554152,4.462519454324793,4.240659730348211,2.4646720976681085,3.9181906912550155,3.478065630016803,3.1307760192676195,6.0
21.49308833305559,28.2224925748059,58.13143460340937,4.525873757569193,146.93237409272444,16.054496965444304,3.738945197957542,1.76027294804782,5.440558606567682,5.657623071174014,5.021145726925701,2.626769541504952,3.9709527903359083,2.7335226034300986,2.889382749766059,6.0
22.43306644157208,37.876871762437204,36.54829514737942,28.50631880450011,96.77143213437556,62.36028069967359,9.32000443813577,3.453023193762289,1.2245175525755922,5.998828646402143,5.627442762437455,1.4273227087363465,10.264288727353769,8.647061921209417,1.9283392820136638,6.0
24.442709483428292,22.5656253461986,2.2422117551834098,36.83472456655669,70.01721986682432,29.57708863594281,14.786513371139199,14.218849648196036,4.64875870899073,7.056565414979224,13.747642229621048,4.719567016009309,15.128039138303631,6.859410465221693,2.979534314727424,6.0
15.32512427683461,5.851043656304899,9.986991258645569,41.9320143121931,47.25085020533232,31.243421542490825,11.779054139400062,14.848362882092482,6.147063998726698,12.177478160044107,20.889054575787515,7.949655799661796,19.977924238745253,17.504935881064156,6.045034942172725,6.0
18.8626159162676,6.645766340708394,15.02173892455527,40.07282129056782,49.46497560739863,30.99940767620526,11.397523470187226,13.374583630069521,5.105397544968826,10.376946831675701,19.817157367513182,6.937915584165505,17.011114616406,16.61756643259695,6.071900399033594,6.0
16.595181992599084,6.031642335679994,11.482046418089435,43.554300491869554,52.7457530191314,28.660579428035543,12.132357843822689,16.203261784570923,6.458726077945373,9.800450242420418,20.435370044699386,8.208896262103327,19.08048497160739,17.013362492594123,6.340496141525209,6.0
16.782736391638974,12.168886914514303,9.926477016077962,42.28645090733168,69.26748088252849,28.285386471584946,12.138298835747095,24.436257984337747,3.9333644770475353,8.08575995935766,20.407123724201085,3.132630713905118,18.368189542637822,15.509426946694106,3.152270614361761,6.0
25.687272971937634,28.447297579956714,7.5113544397531475,45.82433693700105,73.00825625514918,23.782586174598027,12.545498332858445,24.259776903228524,9.771636093716399,4.046423546074154,18.61342731782476,3.5348485036283304,16.647412000987412,8.508477948287217,1.0096723314685299,6.0
21.939430791609446,29.754799196094677,10.37070521321595,40.74983121278278,74.98248341793257,29.02703090743762,16.501177417017413,18.940867495319395,11.406847729902427,9.834693625360948,14.112188950207107,6.782799882918411,19.04677224167997,4.944962538736502,2.060671659163466,6.0
20.510987781020756,28.358004082036693,7.764777311449024,39.25285338978187,82.90592653766718,32.153858453098564,23.890775238010466,16.351552860266104,11.359179975341052,9.634864704844892,18.325501289364734,5.047829686218638,11.457432257377938,8.161671349294584,0.8183757762584307,6.0
22.207647196593058,27.493474893018682,7.645519188900943,36.37193231151819,85.35015478752752,31.822028712471045,31.242882790459483,28.970476888115904,20.327006803746308,11.297864822314875,15.584158729129564,5.192086543716833,9.073724927091114,7.09481849228014,2.666435410693837,6.0
24.69638514970514,20.658076870310722,6.670179116731585,24.9375832511451,27.032437720367728,9.307211590984247,27.18151188660169,17.3724921092779,6.5315495971665625,13.59211251035899,11.17137858068857,3.581903603648924,5.406506839884341,5.651793227334367,2.3819974665798767,6.0
20.726495592837058,27.085904658603347,9.843499973297092,41.03996296114092,83.24261513465837,30.16749622231773,25.830410626490334,13.65788354472905,8.25118596725202,12.090299758668397,16.970139591715935,5.522331866442994,8.81973097617617,5.4690509284127184,0.904790877192885,6.0
19.177050877244444,25.360198605147293,8.994042125197991,41.91521379658163,79.54890811950514,32.440179971003204,23.77020210991556,15.839823950522023,8.654982631211427,10.649907510867918,18.608857371698686,4.413851067822138,9.469622518835804,7.869173755576151,1.3856053629393956,6.0
22.778789970648273,27.558040194978535,12.160294498015297,41.54668285306263,76.255060950733,31.33519709123862,24.77413908774377,15.580547936508726,7.093319576858741,12.512381938477825,17.226858982877225,7.1742684921843365,9.802133947239696,6.869702629477743,2.562960384749494,6.0
23.306751283319528,28.03813297192908,13.294580320162959,42.17032345579194,73.56229633328664,29.694483559658458,22.734435875829302,17.575006691424175,9.616054636529023,11.768182589469081,18.278040009597532,5.75875268932486,11.67478990848782,7.810622985465809,1.7855832153518667,6.0
23.69520714592983,26.493758032687754,12.199137081619844,42.85554950289311,74.3124083993316,28.811696658058313,22.771138075859994,17.692485424038377,9.114039846238095,11.36161775696423,18.452343242067933,5.401539852190048,11.44005811332247,8.019945547643594,1.6377789678653725,6.0
23.130884238056513,23.692153191079907,14.28798063078442,47.271109532016155,68.77991955095037,28.094064630466082,20.837642050415518,18.032667380361566,8.846508156882534,12.353884534536581,16.87676639968534,6.411027546302095,13.63614608189112,8.283924683750849,2.737495468902832,6.0
22.04941812764933,13.933170106065559,15.214377673484186,44.28701383026759,68.17973083139374,31.95785195407949,14.04270155398314,23.610854386740016,8.843935135984013,4.554233543360097,16.27156906472512,6.8955146309841915,4.173680954861987,13.623681142026578,5.3030230465951895,6.0
23.70344892372996,13.683395143748827,15.427930840855062,45.38392857635275,70.32934108979977,29.96142886737852,13.363818616774891,24.185131609005943,7.971627507496966,5.142332845181944,19.48219206867315,8.079599351348305,4.164537594050365,15.245251975142171,6.4703074527101405,6.0
20.566656656626137,11.03440995731702,17.10544061815642,41.791629708945514,71.94048331748397,31.932429256265976,12.175798074183382,19.907093353902173,3.3261086740915617,4.80500817134107,15.23477293835716,1.0391634641556287,5.360286867515502,10.475405161846076,1.3323949408170883,6.0
23.249190755754473,8.424945910060938,25.683536001615337,37.3247559181938,72.4630415634367,34.13653763633464,12.400756433740458,17.37589594868634,5.347791714903646,4.91906137637297,16.30310420111103,4.8869345938222155,3.028790313554375,11.191156195669485,2.923601446148617,6.0
23.743626746102233,8.958393493664884,26.705551573357475,38.775531231416686,74.74668862346161,31.874635342352644,11.30452763808156,19.64755822210552,4.319539871391138,4.781797492784546,16.143952109996853,3.071324398815074,3.102131383317241,10.453007182871234,1.6921173922020136,6.0
23.89462810385212,8.745262587421406,9.306722651710897,37.353100836769435,73.19019085614273,30.608968210375888,12.780363916101907,24.20213548762613,8.2156352153387,5.827033199566493,23.060900100988764,9.93845083501948,2.3110341313148925,20.05762700429014,9.53473562213874,6.0
17.536153331972788,8.56049560379573,18.632533665519844,35.7908220383599,71.94144543146732,30.833620051586337,14.445771539471997,20.551241018127534,5.084168864235357,6.581604839710289,18.63434208473215,4.821386704716114,1.6372662819262642,12.532031139126508,3.447994380245325,6.0
14.476805695402833,9.419778109538283,24.085777793120975,30.69245817097619,79.75495282630274,24.61360240564182,10.339332327260951,14.533377660394116,4.29263634175811,4.98414663020954,12.444801505129492,5.992797332112504,4.402467625009367,14.258357637433285,6.312432938036685,6.0
17.57370580975732,9.076501287694565,6.033916198195213,33.734856176779786,78.61520073387265,25.814261710498652,10.00366713999053,20.79860612708536,5.085274586915314,4.31816109175127,15.049273953362752,4.974209216825084,3.9978875681389265,11.177175678443545,3.4874409415000183,6.0
20.766280527807375,9.28745601190871,17.467933599955686,39.63866199065534,71.94761473271109,29.753574179735242,11.522851005045263,20.925414863337956,5.323589877681879,4.4015050023175455,14.183551053412451,4.715600713668387,4.121402548468619,12.752295485694649,4.586780355598018,6.0
27.897350732633665,12.674300651102035,22.804643472494412,38.179722082569604,72.3740780535758,33.57867911124687,10.861885095979039,17.60605833318779,1.8423427191336073,8.429895915157834,14.227696449504718,1.887019180752147,12.069147715639843,13.07478834831689,2.3327352822266785,6.0
36.9097114896699,20.15992233103252,26.7993764599593,25.41063385129627,67.44145772887948,40.662631206507854,6.737565111436173,25.858253220682652,3.6225388056337864,6.919854111149122,20.53375519345716,4.757795015018227,14.643556759739543,14.582316600068449,4.501397181478149,6.0
28.45677559443322,12.454792582785121,21.30902703758976,32.851865269187904,70.98714472283058,36.502084833136884,13.952566565326654,19.609039525279076,1.7836061096664626,12.031021290545688,16.012132933585605,3.3034606658726346,14.021830409277781,13.80417661452553,2.9404418533706123,6.0
18.136151771778035,7.480238770794758,39.78840515704104,28.72341559307497,47.29073488426777,59.03621557680197,5.0058329544328455,1.7193480428881946,5.4230422857642395,3.6154132935388303,7.18898727085163,4.567140380355653,2.202574087823695,13.565832561369854,6.013771678126294,6.0
18.679174182439716,5.080060224734944,32.04404746243838,30.66286824045664,52.60039444575764,45.9848982337957,8.103341913648928,3.7632153832086357,4.628963131594811,5.182577877627,5.590262317656427,3.791181282721602,0.8810254787181147,11.208011276586774,4.84526735576914,6.0
14.07282505309385,6.695404053468028,32.08585436966818,32.84785864685952,54.30274267246762,41.56908754439462,10.617822202411496,6.833479796940467,4.4483401517266,6.579224480245087,6.31552453638637,4.006497950514418,6.984825169188015,12.078121933978602,3.1750940844954543,6.0
16.43951482117263,8.0601004977774,26.798327913898508,31.718732774550155,64.85479928002924,35.56462348941648,10.3219085561509,8.309072870822787,6.695630298116126,6.730098274407406,7.484624809765489,4.6352885240572475,9.003367565254448,12.875947347416247,4.494151887193994,6.0
17.318414772867804,6.35873495855178,27.18128157307065,30.768418505745213,68.20690430577079,35.05757250711246,10.665722710693915,9.100226178510026,7.307254689831647,6.46296267418622,6.220065656764571,4.426917730689836,9.166101756264059,12.038915224482155,3.5325360986939964,6.0
15.875005297235758,5.021342737173829,27.855604033397952,30.980741955630442,66.56697410173886,35.64359904079173,10.35895137210944,8.123017724127633,5.736255732638325,7.217175798035406,4.698308430910967,3.3621442073664434,10.53305834404227,10.495280530326868,3.1024244495211373,6.0
16.339267968918207,6.670493067169522,16.96188982922597,38.70572686388948,41.63518136691722,26.00177793047031,9.350025791846145,3.978645949959191,5.0322373846971145,5.96174083648237,5.569809685655342,3.59278950434921,1.244846085131825,12.54610732860063,3.8802972125512176,6.0
15.376419838783693,9.098602576054633,18.219985898053476,47.3651530501376,29.78335129557535,28.03145689857499,6.023405497161413,0.8975246962768061,6.996210941507524,10.031624635537781,10.861259718953532,4.961634994710654,17.43582025474285,14.527441319005922,6.058428331357782,6.0
15.89648026448627,8.966813487719612,12.680717375845488,46.864582822115395,28.08279210651029,26.56562351520477,4.512892680591792,3.8417075698146324,8.15821669690696,12.01175609168179,10.304056854102557,5.087350709446299,21.82485842801553,13.710970204209415,6.860545564548118,6.0
13.778154775764472,10.7466504512754,17.42336992149582,42.03086908372363,30.93586284086209,26.084471230878478,7.637617978005257,0.9264103396776749,6.246383203174729,9.995765732815869,9.187550152132067,4.539620086053094,12.019419499604883,13.589434171955148,4.811181474349652,6.0
16.73755042051798,6.037711003827272,28.145197228469293,30.070184828732874,59.13300586367785,36.171567484853206,10.291771400499202,6.1139746453419965,4.81344711679712,5.848472773260084,4.422947575409603,3.286033111735391,7.406471235932302,10.12900429248652,3.0299053707169668,6.0
19.436515020164904,4.194412026692687,32.33001495081875,28.201362832784756,68.98347738797767,39.75535692708826,10.175357879990768,7.699688862186862,4.555854419318208,7.5362300346334825,2.986219053470577,2.9434370620024386,12.870233663043305,7.93140243405754,2.872161805754725,6.0
18.44078133014937,4.613627854159252,30.17799849118409,28.62698279168982,69.48429182649568,39.721939992574704,9.416765769198564,6.989657700348952,4.744836119625364,5.993516257296927,3.2467003897507776,2.5753364488574144,11.69110005484398,8.415033415906503,2.8494033676698263,6.0
17.9634574123135,5.403162588935018,21.883127295661183,34.850844483886654,41.17275704549663,37.6508985300526,9.018307013649963,1.648923279843884,5.457880391109586,9.853806500606387,6.981659314024561,3.882225255827395,19.363440205538364,11.628401514431575,5.881170423752302,6.0
17.742937896386024,5.85998251233799,16.611461232175145,39.59318752650083,31.057702539809966,28.64241917218333,7.514042301555048,0.8055343235204817,6.145499193543716,10.709978214244185,7.828806613499309,4.330922016809027,18.50472902208316,12.590211903733978,6.032354492132373,6.0
17.176623433424275,5.619918962070995,15.73025439987049,33.446582974986335,42.999125950105714,27.617167529030496,11.20550032417935,6.632334871933876,5.2852911067699235,7.2869375477489555,3.4608715520244004,3.481756471024417,0.7169268673317357,10.612399983090715,1.8298970309315727,6.0
16.395725762488414,4.874922626687318,21.315274098190276,29.292953059336792,58.988824952851516,38.16472362555766,10.169748616740202,8.718138507181662,6.019963015096253,7.920297534212826,4.274079250556115,2.967565836593558,15.548851836564706,10.318868126048466,2.9566494702065063,6.0
17.207918506639906,4.791441014710878,17.402374481794777,29.697704470285615,57.749923292315785,33.82841400143424,9.124060267452238,5.347910067279817,3.9842230109797003,5.442454210659153,3.9951015571028052,2.4537688834679856,5.312826668659592,9.854367290234853,4.079764087137149,6.0
17.990251288464336,5.831778697762247,14.61171638611815,41.780635605492456,30.017224141053056,25.425171983265955,9.007531447870406,1.7447746706706468,6.203200592031948,10.4516363478462,9.437964537266247,3.8224690097894616,15.723826891095149,13.327073145418323,5.093670295864282,6.0
19.091909654103404,5.340053756372695,15.266796005526619,36.461185340090125,36.52195734143154,25.532898037079892,11.807390814164421,4.470843153416435,5.81497201433438,9.324354454011614,4.5992872277656,3.9854471415410453,6.418448976587964,11.419520398506192,3.2148031469664176,6.0
21.995292936234627,3.9116987916075945,19.844698298879468,25.813667182944286,60.61442295747673,33.80811866493508,9.573067597695132,7.566218937730948,4.241222985312773,7.690906342656068,1.6309383286214678,2.7488611695936673,13.495253054651918,7.6758946208221825,2.245216096862556,6.0
21.719195420348782,5.251498800109933,20.679057830111798,26.765062337126118,47.588024976007965,37.24255050880623,9.353285010512598,6.860376545559259,3.20134741058716,7.935061753981019,8.612185032668409,5.347362839874481,7.1195613455361615,10.385581824877683,7.60753601076353,6.0
27.812632356547354,4.761807935853245,26.152688890898077,25.159951350095486,36.25643424563772,56.30519240281032,8.40235594984964,4.247114783822289,2.5477234468776557,6.623514686103779,5.290296918845188,3.85144920465718,6.841041764676388,9.3416077185246,4.3099147425726425,6.0
22.217125755985066,4.556958020557625,19.189250259453846,28.77445374660299,53.87047730226848,35.318233596753245,9.995222861339766,4.056110961739962,3.1626398994592484,7.253292694355831,5.9045653437233145,4.076548843208383,9.53245917725302,10.630543645342259,5.6069151409822515,6.0
14.353532456212845,7.318128551280693,24.810520382481904,32.34663643756184,63.93406809361497,34.353981566854536,10.744392408707832,8.032405848920344,3.137874277951256,7.050051690958779,1.3942158589782272,1.9236559537891975,11.13737758993206,6.705112206447119,2.8139812155949087,6.0
14.579335405755652,7.172650258116693,27.978288969750373,33.91055192825113,66.00689138579557,31.644325085746054,10.673946311876175,7.19775255272864,4.115927608325782,5.762639485797145,2.126713113080244,2.03987840889257,8.916227198016168,8.221360807317659,2.0488991091447217,6.0
16.356696923046368,8.401154436187593,24.924126758540066,42.58791869626111,72.54915166622538,27.504433059388248,8.793631290675656,4.641720619051819,5.936438638708148,2.9214438283534983,4.71801283481231,3.613838300069014,4.845141337768025,10.504836779905103,2.63251939001282,6.0
19.579749091988788,10.409072984396873,23.319543984558308,46.06346971043839,78.13959715989881,26.551162287620837,9.242039382630491,5.5599273946723375,5.811664517671311,2.5586898728502385,2.7939905408464263,3.581283084036961,6.984085515542797,9.58500277956876,1.808899764603637,6.0
24.011827197840585,11.942264489945416,16.909175109323527,58.55816752567325,67.08508314105056,25.624052724592687,9.02197762553953,6.4683477560658735,5.2866311644793536,3.320493161005157,1.1301610776968285,3.8042656419616345,7.423668497592586,7.550261157869482,1.1600766933785676,6.0
25.444115610789936,12.264619233381922,17.232478850626954,54.1748724438724,67.58689293831345,27.249149751228195,8.45885967547661,7.078253901192846,3.9140755893317953,4.3599234143795496,5.407153745055219,2.081657590613959,7.913789533477211,9.422476078831709,1.130261066796901,6.0
19.08701540390888,10.064382041582814,8.580906361648312,54.760267509342775,40.50719876009082,26.75430215407503,8.74774077843898,8.16604493548283,2.528205631547828,4.640645142313866,10.039946305389277,3.629394544412895,6.172713265291565,13.05020678344241,3.8400799134368504,6.0
19.165706732460155,10.296860026082172,3.2616079728661145,52.08609214281722,29.96044367396242,15.521475804632681,9.711798336732672,12.679854763725373,2.9531684895413064,6.428911376919147,11.750424063146996,5.189427862456447,7.253946759607446,13.51143787388699,5.2304248539855935,6.0
16.707762277388227,10.335443309779912,4.195019422372873,56.56387998869279,27.050631411192633,13.945068878858002,9.726971621826015,5.9618894491940555,5.356525625093263,14.110254813826042,11.880429176560805,2.887638050768195,21.347075510829832,15.41658877631761,4.76009856005018,6.0
17.59074893788524,9.84535515990213,3.1441239047148324,56.268650235843786,25.815650529884216,14.817149347741674,9.781961210989891,4.046080547750663,5.751345429119906,14.229402403650324,10.81967778052537,2.642745105073622,22.44482951256235,15.451954549192166,5.060676164930941,6.0
15.132537739320579,9.273823271981934,11.977961099289296,51.61832042145976,40.687490723843325,24.346359416463166,10.337988909630353,5.842567437873658,4.978795611678714,12.24365425136191,10.476772379828292,2.236058855943051,19.70202858654297,14.86998267965291,4.4019582744182575,6.0
24.209140998732728,12.212884113267105,23.492446500504556,38.571868130796425,89.4880333323637,25.858027734169298,9.688612576281972,9.359962660618255,4.412228401040245,10.128298347904352,9.452225316305261,1.803632211618085,19.961609485497082,10.749399755028202,3.987069973482816,6.0
22.551587244660986,11.611104219068029,25.111518209509576,39.960096637304574,82.66145669438649,27.609518687426174,9.29127458714405,7.7770628144625515,4.724751200900385,10.115379491150435,9.111454395316924,2.0063479128536037,20.301542780818718,11.220508877916002,4.251267133108397,6.0
19.009781183555457,11.262539864502607,22.646645159562382,40.22667815768635,78.10738949393894,27.99075263193063,9.307918448410184,7.656272502935112,4.844624475938783,10.755769533127147,9.871556641329745,2.462574973746933,20.911220985885954,12.137542686830978,4.8607938200998255,6.0
16.288970584580284,9.319268637898851,3.061121593223802,55.75498636633344,26.46363945770533,14.52092464411635,9.503641883217906,4.918355788634079,5.606384511478895,13.283371679493067,11.354318927872555,3.203317009660007,22.696499159121437,15.308644451006712,5.80962043517973,6.0
17.3617963409681,8.83839304928699,6.108889711737929,55.04521793362727,19.061762515299105,14.57940222229499,8.380513147341974,3.883082669243942,5.460481889394257,13.41230860157957,11.689851200828928,3.1135865942314616,24.7848277567003,15.679898868448458,6.473725696987022,6.0
17.501040172106713,9.381898841483894,4.390320223739154,50.020902977737336,36.54050607064178,26.942470131510927,9.027923921409323,5.97416462418067,5.393775068949378,14.496230687785255,13.14945198685029,2.866314454637674,24.706539252079093,16.825077630157722,5.78002989016052,6.0
15.802384918529926,11.38890304353557,27.07745786646709,41.160339032136214,70.66108969874468,31.63954763969106,9.27374957878764,8.460415371573845,4.707665107840334,11.797691201249844,10.990733362998938,3.2944940143783943,22.58117779830107,14.298834593916737,6.021577526388923,6.0
23.96229031446331,11.21820914164829,31.343215415146314,36.70138035334253,90.00020673620529,24.30437766450727,10.231736978462516,18.669858753158888,1.877119485702761,10.54206724657734,15.811609808289877,4.7554576554915,20.82596659774642,12.576693802584659,6.515022407354427,6.0
19.77376639495946,10.901654021979454,24.467141106996145,37.7713034771169,80.5875805606474,25.681379094169994,11.076857989835267,21.012252194231635,3.83014107008362,10.548359521900775,16.596780819857393,6.319581243485287,19.98667152817133,13.692948677882645,7.675410667217843,6.0
16.252110379379175,8.158760960256938,2.2266374443954153,46.93459416852763,36.71400029732059,22.33659108880979,10.602450713457,16.189351111259217,3.33366437557738,12.015972162899097,18.09658016670309,6.754299779372736,20.675576956189794,17.59466119536193,8.312542529273031,6.0
16.239502066022364,8.695958011579553,0.866043148695629,48.92539532131543,34.43317740263089,20.869445115764982,9.843801941328781,17.86386273595809,4.139170687444141,11.008392488536094,17.84685984406173,7.237745862395333,20.0679628843527,17.430456097107,8.398267220027051,6.0
20.132666654450887,9.816028393397115,32.532565065486345,36.803991505248284,78.87012049985753,29.117491987117095,11.39327150121503,24.315851486958525,6.871241176197453,8.495595283100588,18.290238557872836,8.262793979924417,19.94082511161474,14.774171143420515,9.561083981591494,6.0
20.51631806266151,9.108326600532488,27.745507009972666,36.99644848065826,80.96300004246278,28.364981282599626,11.466271792638373,26.090668736459186,8.310860297719453,8.00399168435951,20.460882601086297,8.913509569649394,17.977918104307378,15.743080600756569,10.341831114930628,6.0
18.35002357082015,7.830449232394694,8.239929884027857,42.19827182884171,49.94032765117596,24.052432997402768,11.642073585748761,23.817133275881435,6.670577245266062,8.693382183253807,21.35513800508573,9.268954689233905,16.90813777926729,17.36881267549523,9.789220234696653,6.0
34.57774497501084,10.30541037892072,7.726968196688818,73.17934644154428,96.94307047719987,36.37738278924641,77.74275628274158,98.86152116038939,58.40779060641858,85.02020807490524,97.7865688948546,66.42162981285462,93.89904657459851,87.2773437499755,66.3750941037456,0.0
33.14191835544617,9.547649892074048,9.472909097037782,84.57063654820757,88.20470002450416,36.31169297952069,90.69039133479914,87.66966724288879,58.92002748130711,93.56451659400759,87.53582944492265,65.55617534316882,98.01188743553337,83.44427683656234,64.95177944693435,0.0
21.264407121190192,9.812256409389384,2.4259348838859314,87.07525281223742,91.82412723677844,55.32896933006527,93.44792816573413,91.47644461907012,57.52742106663794,93.11691220259523,93.06307598276096,57.75880449992116,95.95054848973768,82.31450561866741,57.812016888594144,0.0
19.62202128648928,20.63643883518944,36.82994288014896,86.97711783785972,90.28344411763386,48.880041813417925,94.88666573952028,90.8050451174374,50.196576418178786,95.50259567039586,90.5140658447408,56.95959826472349,101.0508502524221,80.86942618965902,59.46542278094156,0.0
28.508504647582786,34.558855291087674,39.415176146592415,77.05205884080272,96.23947485929088,49.00973955477213,89.15818313928403,94.663625651512,55.30919552996644,88.53967475727504,95.39328592605267,64.81309967709919,97.0728731881557,86.45790302962321,59.06082843069495,0.0
25.562661966222954,24.574125827711967,48.521191090980004,73.33680635232056,82.15568691614243,35.933474629068044,83.82962344180574,83.14506736036897,47.30636172401333,86.02908012742722,84.5373154349665,59.94278314278393,89.17757814630593,85.38712741490237,41.54530154711889,0.0
26.366986380612506,31.788814653683104,51.584285503142695,70.11457080914033,100.00403976590533,39.90094188662555,72.3479630057398,96.4872570866487,43.29538999093772,70.54703922132124,93.55986263775765,48.04251096423115,60.96926072460772,100.0774541994642,29.950788913075304,0.0
23.075540830068434,18.403448953329672,55.736861215972525,64.04672779306873,111.90523330162263,30.538711144129756,63.49723277276098,104.00840738138034,33.74511110246281,57.11438402679103,104.2888599863987,33.440027623867316,45.43330407546409,107.82764324226392,19.122782740276755,0.0
40.91708676346548,30.144368592822577,24.1032230375764,37.373794054449775,130.39485310335434,28.52819411325667,34.744626853637776,141.38897458552182,49.063840554377,36.282412388620386,149.53854361265974,46.80806047368693,50.13861797136318,138.58651549640282,44.35749875266874,0.0
40.520010288876065,30.853429959688665,27.335679246732244,39.801122592032286,125.83039036323777,32.65242046615798,38.898454440379076,137.71174276266444,54.98485034944049,40.4250417553453,146.98681366372557,51.50592775329435,53.046389338267645,137.39729423479213,50.14464477667793,0.0
35.09811666408334,30.52485495692661,32.283055682390454,39.15549576410895,123.9957391707225,44.68533644383403,41.9888654876375,132.72125722699914,81.95836282916177,43.42096621619813,142.77061162305841,71.93926013094898,54.71295475362388,133.3780924894752,64.06910276434314,0.0
31.49945327896449,28.012618753460014,40.662244915345006,36.55653265296935,126.52566862361921,43.374693348764744,43.631624105676806,130.50329546284,85.79003228660908,46.96978335647118,138.88054308286738,73.9788440519869,62.468612465818275,124.4640743046998,62.925468268707974,0.0
25.076210420562223,21.012520462799134,49.03253186129144,48.54904477400119,114.90541189606978,56.76909461241866,65.69830000905128,108.41496706050957,100.82880759405037,70.09537072969452,114.99437542188136,83.58645720465731,80.84549275001166,102.62017235529308,72.70070236701976,0.0
22.433218549339077,13.1302864733184,55.539564528411,55.836704721691376,106.95338097124537,52.55629073793161,79.77533179458852,94.0136099506757,98.12645013000524,86.76754605973386,97.55908110665953,87.84649610517467,101.86653769130933,80.22897193797596,84.43523659246515,0.0
19.84536829544572,4.530052051356628,56.55371947383523,79.1494042999888,84.5326505737209,50.80527251849839,106.23319120660055,69.1577349073674,102.69330596836579,112.53656333619335,70.73591604409572,99.0534195723277,122.08713655779691,56.414947922359005,96.172920665145,0.0
25.289639243356696,9.167030049030966,26.534623061066043,93.25983949019766,72.0414047738508,48.5830048208427,109.08010889199369,67.5986846646184,84.76576202836056,114.87521076339029,67.99754360517625,90.1187202773336,119.36603044420978,54.097916564554225,94.75377387538569,0.0
28.343050243346585,7.057030591272511,18.64438440505859,90.7872111057542,76.8314178951115,40.50388836164059,105.69644624713308,73.29662749564301,64.38090205515293,108.130166925817,76.12446420194023,70.95286002109091,108.74288380787868,67.86635099515637,71.0749485039347,0.0
24.818548742959923,10.219880629521725,29.258180031237675,78.32425639194425,88.56791031881437,47.82578485704076,95.14834866143799,82.5422886241913,83.63846069953311,99.88828329580413,82.59118484291649,84.9701774429305,100.72319866989372,75.361806892798,80.33902445992206,0.0
22.506200356329717,18.008150740933754,37.52375484747098,46.48897517034686,116.65535485839351,41.82375065714369,62.245206122395196,111.54174892933302,81.58147617029273,65.66923957593114,117.56860762698476,72.95478219090649,73.32147778218487,108.86432456231073,60.57470906469266,0.0
24.657875071727393,26.101111771401957,39.79946223803996,38.813953082196655,124.81382559212611,38.658238064474425,40.81199428860272,134.04136233219361,66.05576342660255,42.40774760390283,142.89118578897086,60.38009107973597,52.91269756492627,131.69330241269486,51.40695467554275,0.0
33.08831866132459,30.721313564524014,43.419660561298336,38.18772754663848,126.34881220253392,38.94115063977569,39.6987231726491,136.63399089153896,67.77412184398692,39.90505402223606,147.32684858757352,56.64326047675295,47.18921942356991,140.3629724741701,49.641328671707626,0.0
51.05252811600337,32.60366291867855,49.86971187547645,41.5521592268724,131.6148186432149,44.87687761533643,37.97531467616552,139.88038432897585,118.13519941467938,41.735199636246065,145.1419325817022,86.6503029429663,40.067587763062235,146.40866906994688,66.81022213160813,0.0
41.60795347996711,31.312985297000694,60.92668423711902,46.549918229595214,128.78878601245856,61.902569450179016,43.425923414335124,135.8777078599748,116.71212623550214,45.558278170005714,139.99365580699248,86.20702714393893,37.08730878489525,145.083406454408,58.708415327061836,0.0
32.38041066933129,33.550275404980795,56.373217570458415,89.2867116890338,81.60376885004922,86.99220822118627,109.88964896764922,67.85109822300805,134.1646678989356,101.913512143271,83.1893944012233,100.53958067190418,108.13224748968582,68.807848819157,79.16838310491488,0.0
22.119761158274592,14.504992467727147,83.26492814262156,100.6817088509262,57.01436708284546,81.12772492575759,124.0427702826498,44.91158322028669,149.04195966439946,134.05025269193956,46.39625558947148,129.81895169476365,146.91106127771494,28.1187362045525,135.44007243292637,0.0
19.5350864559966,5.163928988969818,58.555672993103904,93.99700966231867,67.50784868717916,57.783813543807035,116.067905199358,57.467639137704865,109.3329180832421,124.70540713855566,56.70083187557622,109.14874203781689,133.74998349497085,42.20159110507871,110.38296217481397,0.0
28.762764634429676,5.801653647425437,20.071010536787963,98.7548695534069,71.73586657444069,50.780790379182804,111.87486036378915,70.37913962094825,74.7004213191379,114.81127500723636,71.25830929759549,78.18030083105005,115.98966389658969,61.27023273164127,81.91754215181868,0.0
38.68194597976376,38.04350891890282,25.88064884882228,83.08156303309671,91.35983776060871,65.14459324034618,91.03622371902169,94.62148455975544,71.649036064503,94.63479507676281,91.87121494216353,70.16757449397934,99.28947932953926,82.28704428028689,71.49440976644095,0.0
26.982570920847873,36.1145690419423,44.63112105439456,86.39292542954026,94.18035666572824,62.31063496506833,86.3531924274349,100.42941820664562,59.14478053315735,83.47227709261809,100.11451828133089,62.914588806092326,78.324650882548,100.79087251622566,61.63493311131325,0.0
28.706019541910806,37.05387925708008,56.583410406489044,70.21649539112879,104.01633067396934,36.33336310181392,68.28072627769191,97.50699962184122,39.59942508837698,61.40157688907742,101.0751231327699,38.66494382333701,47.53271737584558,107.08370208048542,22.925543632749413,0.0
20.364420709225232,30.280316151782763,60.29569795216242,56.7018581708105,132.7977764988518,24.84778671822836,44.53179602232175,126.97803891043637,22.75798576167966,33.70032163758598,129.00786675700206,23.561297377879246,42.3682914292698,123.22540023363713,11.90579270709974,0.0
26.371111583080054,24.900498076623148,49.45337354514705,21.75695139623478,134.72857867319715,14.991992649797147,41.22842428686805,110.79268720801764,27.020330224072083,52.40339660354523,105.12675548390538,33.41605676791404,64.89197749750505,97.58552295199992,25.640689754554835,0.0
27.076287132023342,24.24051309312278,44.067758673374904,24.576336938919603,123.50059072483813,20.035616155897294,46.66437835358528,103.65181013595364,31.47334492601422,55.33295508484701,102.03547331229734,34.63874612306343,63.140031090050385,94.41258117450604,30.35263303411104,0.0
22.944929611342832,23.85477965787031,57.971337865981965,55.05278056149109,128.41755580382707,25.84906572128759,44.945520011941476,123.03913643323101,22.372656923266234,35.68583241894664,127.68449425865849,21.092373230679453,42.96575528444083,121.07807743248779,11.200851184153832,0.0
26.81294489813456,29.588790878864994,53.38139334358699,64.02987338355422,105.24377708198817,32.96104001000115,66.54312219210856,96.32226006610162,40.290441304310946,64.97897589166948,93.47082262918815,41.99492351414754,53.91624639749221,99.78652559046292,24.722027988098162,0.0
23.724481270391724,33.088005868821526,36.44030759597432,73.02225011704371,98.64147345988262,48.72824861858199,79.76491269990326,103.83843662759922,55.63103775548046,78.7990368939752,104.95935113071776,56.85170709580052,80.6510756620139,99.7985838958331,57.444398361960594,0.0
25.593900458798675,5.4868260566638485,4.551837841870427,75.80403132020919,92.28556186332689,43.22127154302879,85.6237637144973,92.531385745898,53.94877892032584,89.37984452424739,93.86693232297742,56.56005203775725,90.42561864439843,86.73024917802478,58.02633154508734,0.0
25.18369572700815,5.711678469444039,15.121525890260742,78.56812845631299,89.89140475229897,33.02777729123776,88.06112214726946,90.02356817994402,45.25995139087718,91.49443035594992,92.86564112698663,47.32860972514858,96.60173762263672,84.32893290571543,49.31357777681794,0.0
26.50104985820842,7.273660621934781,19.099742303262587,73.08961402722774,94.22757385266686,36.71096182305572,84.11419353845753,96.01827868038208,59.297381533899866,88.97650012961915,97.29331476219825,59.52545962242193,95.55621062781621,90.23897683773144,60.543324985348846,0.0
24.855476068043913,14.467956597708337,29.447462620873818,54.63998231630573,108.91827944078783,39.27496356078875,69.90937588519898,106.40170272514982,67.05549916080197,80.7038380778117,105.21977749760386,66.82161219303477,87.92547374577808,98.52345541968725,60.59865595342514,0.0
27.71500097280608,25.573019654660087,43.826912790537136,40.52924102949002,122.15420173855522,41.107126802758444,47.56841863663884,126.47645796158974,65.82981874577982,51.22255389477737,133.41713699112006,62.3308190699375,66.65818368445802,118.24648966294266,56.702438689256944,0.0
33.3974601095262,28.66266028704487,43.47692521411478,35.04564328169992,127.85133037721073,27.716863294220666,40.191970042143346,134.49384909775915,54.343165767940526,41.57283814791682,144.26660182838265,52.221930080643034,52.54694641754603,135.417353313627,49.266746830585305,0.0
31.802518013150216,27.809717794191968,49.06548997147279,38.28410814591615,123.9083973024351,40.83495100744794,49.31696156424149,125.44713095008989,74.20678694024306,50.395662491656466,135.83419532443665,64.49612552210941,63.60459711689994,123.91099148416325,57.65909479459758,0.0
27.551811567938966,16.47323912441405,41.906778156826064,58.6073376645155,104.42914833945159,35.61178216372967,80.27355196606347,94.99041154512133,75.22451745274786,85.34383757347454,100.34568503486467,71.78090871237214,95.00682972562751,89.44093054139688,65.89411982161205,0.0
28.272621270621595,18.892510259018195,45.9148820499362,41.28181222808473,122.44805085335787,38.84243367824361,56.49148610716325,118.4942208188043,66.01597148963705,63.577885355183405,122.37145924103913,62.90643884207888,78.26757826658167,109.11366087540479,52.51470804461918,0.0
27.52133206034665,25.040529560373617,58.17988159676588,37.285205703418974,128.26075354965383,30.77521570588479,36.17125570824834,138.8118601884954,52.599879854665225,40.68901722489108,145.5988496135308,50.782929955783075,54.82756868718251,136.96387491028403,47.22694758925797,0.0
24.50173455570667,23.267663982950808,58.156593203904634,35.15183311747758,129.7097928508007,33.9575865615047,37.06469732600833,138.83349045429213,56.64778014830147,38.90054426595858,148.20264544091896,50.28786744104923,48.4448062616536,140.22181104481115,41.22315328507239,0.0
29.397941082674006,24.772035145185352,59.36622515380517,31.608487539493588,135.0123543526192,38.820662949470446,34.12577812244964,139.96619410475526,71.59281865815484,38.769195924480535,147.00181052328287,58.847601346385,54.32050228319016,138.9230182431963,47.1023401843493,0.0
24.74044687195139,24.23744297680997,56.049910533118066,40.88672034586751,123.48430795949575,46.21462325662481,45.98823144416734,127.52413418797833,93.98070703006668,50.87487138638521,135.90940153985386,74.26432880664443,64.49312522554155,128.65829155602833,62.44324937901299,0.0
24.50196131253677,23.878730740439845,67.45939302476977,41.686450774517056,123.00238792223402,38.3947985735248,54.24710278151176,118.6496432448524,96.6720901918576,61.29319260843757,124.85710802988518,74.74676874303225,74.49146106728864,112.14841736079539,64.29750353210179,0.0
24.00810905350117,22.389756135443783,64.69927826822973,38.6145088725944,125.2911691804429,52.87370940433863,47.864887410330915,126.63100663891717,88.63149083261673,53.87795588751193,132.45580106650348,74.77402511415951,63.666332683213355,123.99212019478563,66.20153094997212,0.0
24.832312377830487,24.68419594663174,57.740640386857436,35.04415113211916,128.76620608482042,45.37007862418301,44.93848654747603,129.24091805797366,92.24066535537214,48.27864379301318,137.68926464357796,76.03897017491323,55.00380954029062,132.66177751380792,62.32989498018309,0.0
31.85921542402737,28.861017514141338,58.614433188549846,36.29770821535679,129.4755757793454,53.35495209690257,43.69783410240261,131.50972483306975,109.09724323789327,44.77054556054145,142.39309499484068,81.6678143391223,51.10845415060105,136.8905972076101,70.26878871435791,0.0
36.15073203666342,36.202139152244214,60.83619167997326,40.094147435919346,133.60726488326736,40.238087869952466,40.11553790379786,136.61285187992016,132.2665810573607,39.499440155973474,147.67893256523675,89.84890989636672,39.98510044982275,149.11061628090317,76.27275074769292,0.0
45.677942721552746,47.29836265221532,59.06865774427311,47.09167553505502,125.95167093658614,34.04581060159242,43.23562624489043,132.2051029859202,104.28603655375015,42.11129680927235,143.5550079210483,77.47472318489402,39.81852029578641,145.7145985256571,61.871304532356966,0.0
38.28718824951666,41.951583876802644,66.19064829481151,57.30796345594451,117.24517564272475,27.57161615214847,51.932423786465804,126.34724398198414,97.44103624358159,53.779146594200256,132.94491291165593,80.52892010642579,50.60286255945768,131.81291120642354,65.3403537705995,0.0
32.37241455278075,40.84127466241563,73.85144251216084,58.37811434336245,116.60393690003391,22.13887122462699,54.49698553174453,121.07025319716293,94.94924480781756,55.272686111531264,130.60841060358672,77.608947611574,51.06390348701909,131.47393863306132,63.837330078097615,0.0
22.16391784833119,32.46247345544907,82.90262193863666,57.21346561045321,111.54026943305463,20.664646714354916,56.28739684697941,115.86482859811237,71.7026817306176,58.15779430750324,125.91594741423944,65.94902784480728,44.41419492958875,136.77882727945382,50.367199792183065,0.0
31.472908785833194,36.0843564701902,79.56809674871442,61.93675673283004,113.37504448162532,38.727057013151494,58.84674591189286,117.38867405488526,106.06783927789778,59.07357372780116,126.89958959257031,82.66241014018281,52.12000136603808,128.82934961002545,65.42772236011419,0.0
41.888895270154784,46.935474529465296,60.17997955813126,58.00628081132608,117.56542914811403,37.11866320151188,48.5545413312587,128.34686754774796,89.11087163343686,46.98998704988383,137.0333495227382,73.86929014815368,42.177279024690854,138.06537260368063,56.98334719482825,0.0
43.32882076575275,41.84915692332635,56.44012572278308,50.92227966436122,124.96174262822726,34.974071935861645,43.943116196788885,133.84931319488493,110.06846861459563,42.28677406651097,143.84237496923717,76.69791641478388,35.534279161129355,151.82059251909115,51.431249946073876,0.0
47.955084129314606,32.842956208410854,54.17215725591218,38.93213273308628,131.0216119478298,43.5511172663148,36.955504965301124,139.30927672311586,100.1573578145451,41.00741565764723,144.38761458873316,78.1748824597718,42.57027409123995,145.1495568670821,53.28608950927967,0.0
42.849601114428914,29.118181820375586,51.22762605521182,37.38805628427536,131.06770000037932,30.543359234005585,35.429962021635305,140.4180928235193,83.86643832745533,39.78908761218934,145.43486855567997,70.48168626545588,41.34064397382003,146.4755244505235,47.034916212294846,0.0
34.752691781303724,24.313668103998303,59.92146511009452,37.38747887641144,126.8177643641818,33.538880623854496,38.377051864813076,135.68598231782997,74.31785002081861,41.25959181686291,145.36798133196683,63.54095736835684,51.87550541428854,138.72259070057675,49.266649432921454,0.0
30.91032582208815,22.12204433962369,49.471728270542144,37.381142675974054,123.32151252972865,29.085099969974138,43.4348917357062,126.98556328215233,70.19164813779477,49.51713672291955,134.48852240698196,60.50200010415515,66.64733546862763,122.01547462634298,55.91764126706129,0.0
25.041815878269613,19.375341678304384,49.76089747838495,40.06606985661701,118.70097151757331,30.33624081343882,47.061424651318355,122.27604599568349,66.48661220743448,57.35046279783386,125.33520135516305,66.88586300865505,76.94617614620955,107.68482323611258,65.19644575954777,0.0
23.817462443385214,12.146015935537088,45.72169995216973,51.62673517154139,100.20147420594142,36.161114657982054,66.31179470519392,100.17012590102614,68.85342177470284,85.96318810011964,94.25922589702529,74.87271651594055,110.4603736834716,69.07183276331676,85.5495471732016,0.0
20.988835773029326,10.78062026733139,48.053143266416015,49.26561111373876,96.51882135307665,33.59793885056034,69.91213258209194,94.90298871195318,65.7331536301941,94.43020415249862,87.33480168211406,74.14615857017954,120.04477135479354,63.81374416378256,86.04324493216006,0.0
20.297724515605797,9.912827490543105,48.22325587983227,55.90483175127227,88.55766390204563,36.34162840339732,80.02921810001686,85.30035962971426,68.36888311529147,105.03152154205043,76.75003928510061,80.27804059953533,126.71692896432685,56.7591715011453,93.06114358866742,0.0
19.79565252915138,8.12884258971922,43.490982477741404,68.13636386403587,77.12749722315932,41.34625540749978,92.95662831951901,76.16159220294412,67.12011472590376,115.26980004195488,70.23995623433058,81.57415914931313,130.6931519859486,58.67826857584667,91.20471317376553,0.0
4.029398122897094,6.399621175900421,58.97737431854337,81.75020984820111,69.89987193304577,79.07060782006442,97.16524889527817,82.83309509018028,82.25056386651299,107.36026249221055,93.93356980485824,71.07216056323735,107.51578305596271,97.75495729320632,69.89661359789278,0.0
6.82467478182352,28.114002301711558,82.6098130081735,89.95468719180873,79.89330309347241,84.09814210779203,108.53112232019083,155.77787112655358,29.923540442440746,119.73748893837367,144.44531722081376,24.42374568954332,107.51356642524168,148.77523766198752,18.903275515349478,0.0
34.451856712248855,25.847986233187235,57.562141733740184,53.57503046926195,157.59274320223972,14.758608560724992,45.86588089540144,139.27946330401272,41.51205012365714,43.80654334840111,131.31960634049017,39.077827685680155,50.476334452901035,116.54709442511522,52.40672048839199,0.0
23.474097586282102,25.70398278798553,60.904328962007376,18.640869685047896,137.97975798195924,34.76584935234149,32.26128978226638,122.9878100284045,48.82048117449679,46.61559447278101,112.59011220248013,49.91763302579599,59.135480658915945,109.95684153708523,51.04096511170209,0.0
27.10838522852795,22.56481619738588,73.5285164559722,16.7121337763042,131.42714024972685,33.33891672347067,40.8277490458526,109.95102060157994,50.93844638838421,54.36754119156576,99.40258304607748,51.26635569901464,62.020997615879025,101.27180269395565,41.36500422352705,0.0
28.364680822795734,21.28642163572451,85.58931319388645,25.386265781391536,127.62489472372006,25.300426292335267,51.78250442928383,102.3096707798559,38.98185551045319,62.88632128303971,96.83921345074361,39.62956818669882,71.34528111584069,94.38919495401068,32.16615306302953,0.0
30.39777756117449,46.05940446899561,49.731473429546305,61.66401640767341,105.11382618606353,32.59260687663245,59.17927619160619,103.2376320564877,33.48325641046514,66.41715190624849,96.583116629033,28.760711462667878,59.83408790917572,94.07568885236303,13.994485646617127,0.0
16.42533515825509,5.384329728042807,21.763102076709966,89.1371570266112,73.2044626388876,52.05505738676715,101.64753595677121,73.82460455634155,74.95635519780717,106.27133129457687,74.16024526735315,83.71333688179897,108.8696706193238,64.33909236334497,93.90673753463616,0.0
22.379405964571,20.116804165643888,60.159802002414374,44.43458022103243,115.46987042483293,50.32714203870624,63.4572951839693,109.89385788804012,91.58917798101383,74.53945984252678,110.5778125506298,81.38141995133509,92.05849697105774,92.150366156775,72.58169270992445,0.0
47.457562205526905,30.9439551191738,55.06593936113621,33.86006647983843,132.03823999451785,25.07187838232723,38.270292876430766,135.18340197587506,73.29103765484228,44.1876620182741,139.8842814280888,69.5734887474465,48.59109001458894,138.04889011507396,54.27198828144945,0.0
34.65685067175071,28.940547655454452,47.410541741383796,44.25808478041247,130.4094933995087,8.650218330884986,36.61553969016482,142.79342000238816,16.745339157724153,33.79627609166672,153.97795486108595,19.58602371782063,21.389917157297855,167.42742824938378,15.06879052029714,0.0
28.808694697432646,28.339829127558037,40.16664137957705,46.3649803509637,114.20467047942029,28.07961417945724,40.34287118203368,136.51413440422843,17.563549006725516,33.4361156216492,158.65508691124492,12.632478833472675,21.214906549430207,164.23758598187834,7.890443168291357,0.0
28.08600100001485,30.52977360163402,40.194759194978175,40.46682909524123,119.98053485305567,30.740138398720315,34.68068339606846,137.92410289434068,18.95515721619142,29.05033346895906,155.93555404486037,15.856217070877815,25.25587720907029,147.30597790021005,18.42225787329171,0.0
38.82123577507368,24.839050169140194,28.48734059671074,31.16893857668001,138.0868071660371,20.091099707988572,25.01875206157843,150.83000329434188,15.261855714198628,24.822736603923705,160.47074188067145,16.403324308268335,30.834275452727177,150.81171490755682,13.860612192531544,0.0
26.154924183291,18.91220317713008,21.595060498816043,33.40174108246684,127.38680542827989,21.99776281983168,29.45150005020406,141.31264241058688,28.418591047597108,32.62100942934598,150.44925261983764,29.467583676009376,49.24191736087887,132.0575889475905,37.06717738574863,0.0
21.81249961666843,15.842238490079033,28.321499582181186,37.023323805695114,121.5454515996331,26.015726034512625,32.37753122884331,137.45744887370986,35.345495924762275,35.54571461947639,146.41489932985144,36.17577135567761,50.80205329859363,129.32387113839377,41.85295016489826,0.0
21.946326483399396,14.867261701789909,15.175895754473148,32.909092244524786,119.70990849668728,38.89260109146302,33.068413544339286,128.68662332758655,54.54175563773102,40.699645894227615,133.40576524831897,51.17980034809528,61.23010591349669,114.69062980760452,57.04861661132568,0.0
20.732846837065487,11.189329335350134,15.433610909136751,36.760850521593255,110.41013751727908,40.22163565147627,39.148646225066756,118.65734908125516,56.45556229375863,50.20803103364511,121.31902890455902,59.24672741449794,71.85599548259005,100.98969259639601,70.45181438164147,0.0
16.50314847533367,14.758287672509862,19.741173492159355,35.33981262041107,115.2766885479943,36.24171404313553,32.511400127432054,128.78868324549322,41.30511724629799,34.594286229870136,137.2108893891116,41.40836260828422,42.51998278518976,122.70979907397624,49.328727762411994,0.0
23.39411246802011,21.331082254409992,31.511533365012475,30.43002194333884,135.7184487745344,20.034737631058082,27.199797448308033,147.80646094398443,24.066013945487118,24.183200671434186,158.3305606401964,23.631628032382583,28.76845637480947,146.45864890124878,28.216781065304986,0.0
26.344655581549766,27.741619644900894,41.9443372454705,35.03883597734364,129.54521385219405,17.48673999671354,25.461347254750972,147.05009793552932,14.916269945655625,20.274558714289235,161.64292216514454,12.605195966883832,19.17048853287586,158.48820087864428,12.309728389231164,0.0
27.009793735344967,24.19048985172677,46.11170119183846,43.85845614525535,121.5304974070609,13.750577662516871,33.92779765219788,139.26448774911162,13.8536652949468,27.465202043209217,158.57388408787656,13.362430912924934,21.565494596788295,160.3952458194488,9.335701695504566,0.0
42.81052193787604,30.439739680447392,34.86568642114743,40.80687311128928,123.91528236207323,11.927065045098647,32.97211611640529,138.04721983098008,17.119544026199893,30.153351308756317,152.79964573338273,19.21429979178178,31.16485671075202,154.9237051668593,14.915349409648462,0.0
53.01823346061783,29.51370135505608,42.15119808550228,36.59727989837847,131.6644175616656,10.800268434826723,34.75148836441191,139.67817058375195,25.927996225468394,34.01756850942075,153.0520341946445,29.3627720780315,40.91683227623967,150.68705716628813,29.38777298049749,0.0
51.73319473423445,29.71026490005892,40.0275194991114,37.23081803844183,126.68324866831894,12.996862280908806,38.523111487535495,134.14317182270693,33.27898703016711,39.918737491922386,146.39585117917306,37.18077764819635,48.781206317432414,142.3541079272165,37.37881428725884,0.0
46.97661851904866,27.1458188251309,39.1915887404488,38.37675978407126,125.44825767776408,15.050726078633271,39.1869938121386,133.95347165887233,46.255740048235374,40.695723032238064,145.32245699329295,48.26222631333003,49.50894219211819,140.57426956849872,49.235794039672165,0.0
29.124679707978625,16.646900967664322,39.118849224539076,37.954054468347096,125.1279558335903,16.526255211162596,39.39629962909811,133.75985138823302,47.54046288509066,42.83960293939992,142.63601187573383,50.48560468546039,48.09084453741027,139.32313095220795,46.89190741417162,0.0
21.659332382452423,12.06047750553684,30.37865163842628,34.667930116221555,125.10031021939017,20.2857114721539,34.754868620617046,135.92001290548504,41.930601583350985,41.639099621417,141.25873500567178,45.37609319759158,52.12178826967858,133.7975423266578,46.13888500813262,0.0
19.976211188432696,8.428328523092828,28.860880069742745,34.957333470964855,124.43461091965227,28.015438293478674,41.232672601931746,128.40875223346956,54.10764325283504,52.58864338844094,129.59974796840726,60.471115609646084,59.44723446495577,121.3469996911482,56.38042418066672,0.0
23.66344130409571,11.012651696716414,33.1168873505582,31.82332448561037,129.24525888949427,30.42480883880634,41.850932706766045,129.01893814763417,65.02552572209534,51.61634037004638,130.18496787878485,66.23077193080996,61.2027167926426,118.96487216303046,61.08286710416436,0.0
28.481905987684417,30.487464882174915,38.1306852715018,32.92636646671506,127.7329643319578,17.93360566880912,30.225127947111975,139.83280411983972,24.1885830993513,29.335138174823697,152.27391106144583,23.32607595005278,35.149494201641815,146.72684385238722,22.192351170478023,0.0
25.321612370266212,33.077511538950155,52.97369153714324,44.847063951339145,121.40158224030488,10.301759685929692,35.8895561502634,133.94309973866976,13.930883001126892,29.92410221722615,152.7620860822387,14.052656452104769,24.035501861753538,158.09210841638432,8.673144265575226,0.0
23.070734280794728,28.127732808175786,55.6917482492833,43.32277778531711,122.25410982150132,9.891716308439666,35.685649692754424,135.0984162084035,13.459520120476913,29.857881634508733,154.52704709342868,14.221999511208496,24.221081032271606,159.76045787626373,8.662564291161468,0.0
27.371451274168823,22.224113977271468,42.363205787771776,36.862145455503494,123.8125557580955,14.034389593464489,32.47222826214405,137.9088513477578,21.695891870988536,29.52254807148517,153.28205359707863,21.524962961183952,34.55842516681579,151.03637149370002,19.525083628597578,0.0
19.935136508240085,16.05155506249218,24.73518640925404,31.365625911653126,132.2987449521823,21.320449217012158,29.95325518330114,141.94280534402833,32.86020992117387,28.910461520891158,151.9625902065983,33.071981325275566,39.0623893024344,140.3906797621571,33.30189551407783,0.0
21.661690511583895,7.903824046305454,13.444275127748119,54.99153194094346,106.48333746926056,30.643039168850066,62.61749117463992,107.89389135927233,56.65007460092974,68.56045685805832,108.34316461997099,61.865327949648176,77.31095933459343,94.72554204196597,69.56263487366859,0.0
20.473484753075432,23.282862031307143,9.862764555575758,61.10634871062273,109.59914685968955,54.52884952349998,61.012482319112785,117.77805408480279,51.17594114135083,58.45857716339994,120.4055831606142,50.491197868956554,51.15634728017453,121.82032630918434,47.23469297149629,0.0
25.269066809582018,32.45520586854369,35.997794873578506,46.618426149057385,126.98317334588012,35.266718664324564,35.93363725166192,138.01111373270348,32.14056733636084,21.948906492800262,145.0185632877613,22.383749604091957,28.407883677579562,148.99609186067175,11.30495542185197,0.0
17.51166409520242,21.207942869524683,43.40212187165522,17.20054520203327,151.84546295177307,25.572126106400894,20.005447240545347,131.00349671674883,38.64116603456921,36.09857178743203,117.92899463022046,43.719326018532456,52.35843100591196,115.41738401188462,37.9960166013986,0.0
19.4294415937728,23.85806977823944,38.27787362605872,18.370767981036924,157.46835300722725,19.84677600364302,17.42190758362069,131.67125261550646,33.230808754251925,33.345956148717455,116.69405960773445,42.31383369544176,50.96462210181147,113.50906021976247,34.634769481449574,0.0
21.896366200140378,37.08874098491777,40.53168868683497,71.11102074367524,101.66283446909041,55.27471047513291,71.7346562597301,106.67912893772082,57.52039664621399,67.49699219605283,108.96103373650789,58.04697693015969,65.0560473486723,102.20089582525755,57.65311687784665,0.0
28.300725409663293,7.333753967332057,9.224435410442135,80.10838628476492,82.03248598447527,34.04239632634137,83.97694841645979,86.04675429577946,51.965276939936714,90.03782714388325,85.59115808649615,61.37472755681023,92.61704196201514,79.34660424388753,65.0257707793397,0.0
23.09223143254868,25.154171570656676,36.41707770315308,38.835569931267486,121.76192501467942,32.43942064997437,39.68925619247168,131.20218246010137,50.041980484150564,43.50347796534084,137.99185039353233,49.23347360724689,60.50957433149799,122.72812581748849,45.78503548845609,0.0
34.1042287963974,28.846912283840965,49.21483269028356,35.29562952058718,127.33315548437089,11.819569337293226,34.66632436817138,138.54132389512625,17.077930794233232,32.763140223464355,152.65768853391842,17.74402675261504,34.922431410476335,151.00969871416132,14.353803930941467,0.0
41.793665538000205,25.676180186341295,46.92561405991277,36.91096628903743,121.54878057154677,21.019006165561507,44.999357439237805,125.65536382605573,52.617117964272985,48.7953400532625,135.04796269086881,51.116183413890376,59.05623969799663,128.12670863968148,42.184662782335394,0.0
25.672114352738625,33.811566576823445,15.532168766153285,75.25282738471816,93.78782974877743,56.52514045897054,84.13111402760696,98.60947136936775,60.58501725979327,85.45900172683912,99.68635268199456,62.91352380180649,85.02306636528786,92.7008343133758,71.58867712841023,0.0
24.991363952279425,40.17397432992712,41.35469949985017,62.76644278916342,107.46529432995918,44.015650825480236,57.314402882620065,116.26190311164817,46.26821111000574,45.56152517594263,122.40910788178881,42.03200438138226,27.12745654482917,134.7936779704843,33.17405611923652,0.0
32.56618252507932,6.6116198130814565,6.833842909224091,71.35321857941909,91.20429087446512,34.759391773786916,79.85657238556986,90.27141653687204,51.313267709193404,88.58498694715935,87.50752673899954,58.12699214707525,92.74887492914559,79.97503915375356,59.65251317823572,0.0
29.5676213125561,25.486954306117553,39.03996647828112,38.098507169994605,122.82406173901907,24.010429294274772,40.180136488443004,132.32402038353027,44.07231197999365,44.251859680607616,140.29706499240604,47.161655290967694,58.692454458125134,128.7904850928409,44.441799585841764,0.0
27.645821771761888,16.34786055847428,54.4639687417711,65.47600317142431,91.86718338708565,34.59357948468276,86.18073709304518,83.91215089178577,88.48775109589172,99.42668620746173,83.19452890199189,91.68652866017234,122.11405604988641,58.3892755912325,93.13904965260745,0.0
19.421656475149007,9.242727698960897,98.27099872813068,121.51551968171138,31.124911028965574,26.824810810137432,137.22243027515606,25.63827341424725,106.94904963976145,144.13841599766425,28.92370996012384,123.3259135723891,148.21294988452792,19.480883990498945,102.55578007146192,0.0
13.310865550860989,10.246894958670884,111.82197042441109,119.85153625763196,23.81709162572706,43.882926595018176,135.12827738909675,21.902493639398052,136.6457668745576,141.64045204790068,32.42077522601376,116.89806854339123,143.49847724065648,24.259229098197665,101.73982552732042,0.0
18.43435236146564,8.617188979769418,13.016359929936502,85.93743840910263,80.95892084399397,54.289172173488986,100.90963673159601,83.60367672321584,77.30508084775839,101.29434285109103,85.2668897520953,78.81443416550134,93.6260601658292,76.95886703972906,81.71493834430592,0.0
30.61540822715352,9.655940397445534,7.796863371820172,44.83651687892467,116.24636507183784,28.73990699730518,51.450776670927915,117.90170573650838,42.429162168215505,61.4792982136838,115.5418260569488,45.1216635982205,69.4491622537802,104.09508002233373,47.85197441645763,0.0
29.816109351892784,28.868520158270066,29.131330362905302,37.64697596313398,132.47996607617628,19.069243315913802,32.56062040988711,147.07704367816453,20.884577497690238,30.434016284684922,157.80930454855573,23.29437633492084,37.60332429911529,144.92598267277924,29.67541395501979,0.0
33.04211455537865,23.270628838537288,49.120042112951445,34.66679220064074,130.5507257328843,10.79616944282065,30.942398967836027,142.79308470791008,15.381752050244158,29.481365197483445,155.2931018723563,16.653576231882,33.49609916037958,154.3600824975,15.258533075136933,0.0
40.43520978626889,25.54867920995446,41.33172885462496,35.5818479377327,130.5096018635158,13.988249994537902,32.47572740082026,143.40658908994047,27.22227792544176,35.828155438749334,150.416686126858,29.191907159879843,43.64940616739029,147.79606209109448,28.085075210298537,0.0
25.948101328404107,23.086389813288275,39.912807359792396,35.66734514451015,128.37910093385545,22.227691026187784,33.876710397756945,142.5416686028404,35.547136364938375,36.19222176092937,151.44499634352943,33.833650964790166,49.924688152047,141.75238313723924,35.88261776017625,0.0
24.458650838035844,17.347865099503267,37.00983544444759,45.02553551154496,116.64656007583598,31.685978048485005,51.834759297646585,122.9175755296197,59.23362227354361,58.345706833399056,130.15529355546545,56.26772126316297,71.61272025800628,122.46859364870613,54.65482097721168,0.0
15.798146793503824,16.87216414134201,46.073178504534326,44.40822012232844,116.57835996551276,40.005729054263625,54.26482107459767,118.92683084489137,65.28299453315542,57.963189726658854,128.82269606045645,58.15345192574591,70.71847299278359,118.87995554264188,58.2830395996612,0.0
14.974791581578959,13.968986645012501,51.67481702102063,45.836453244054276,117.08589177808699,40.25378067521571,57.670434072607875,116.25843827392954,69.23121670805796,61.40912244444496,124.76040900122312,61.74460615380788,73.07603722918442,112.49569759757321,62.21850168563716,0.0
13.389021510553363,14.193822968654672,67.5352630185039,45.21775821368686,116.22096883800472,41.01942699772328,58.3234297185197,115.34224413040054,70.48059490973286,61.21789632879532,124.9972237687464,62.01121256911085,73.74192415483068,111.9880849406655,63.33174842611891,0.0
14.861732029243624,13.62317294081578,61.47593645292004,47.99814318120821,115.31104775122523,36.131164477560915,60.844179652862735,114.22126038566529,66.06646388663759,64.2783947652682,122.78117208313347,61.39470934735417,73.68219253179343,112.43897701241417,62.16097525993989,0.0
15.362201585168373,12.860245940644392,54.01361157305379,48.05228330194232,115.4367368848757,35.847768247026046,60.337322449192875,114.80821425287107,67.47754307999755,65.13914202102323,121.8774040699295,62.28397283231635,76.38040490046325,110.13754130109623,63.542975590546156,0.0
15.556114213853823,12.438526116305734,55.39086342775945,48.89957072711714,115.02023086345314,35.039894729018194,61.4277824543093,113.74880716772753,66.38714377056512,65.0326632797194,121.50132155379659,61.70379778611839,75.9296808925315,109.12631394877667,64.2581899718514,0.0
16.422600053466184,13.092474671302655,46.49284419639409,52.282034979447836,110.90823498693307,33.04672912283688,66.26973212578218,109.32405813185282,69.01226938852473,71.30838475956635,116.23351459113937,65.22772686778873,82.61241430754295,104.83698383192689,67.68235079807368,0.0
16.672784089306326,11.02592166027451,37.32723941818025,57.07721046580266,108.33816653256027,34.62982063473354,71.90312877704056,104.69561737452237,70.37232687182545,78.71369613620088,108.20063962357507,69.43544987116297,89.69519922582464,96.22202600133566,73.02787192778655,0.0
17.921567339311068,12.264548372691998,33.180533189615595,52.112966408249946,111.11496140873214,28.013609872952898,65.8169595526198,109.4713739018999,64.74044740411962,69.15785449614552,117.85703383012363,61.074613874073776,79.98251943936961,107.25335449776166,62.63651984472751,0.0
19.930789533395895,19.676064398194693,29.29160016635103,34.7224783204091,128.24781029045442,22.42152188800004,38.744075154497935,136.13401201796222,63.708183036283344,41.168298243982164,145.93272078229697,55.71249386176142,51.183198517395894,137.64441824786982,46.34996043974545,0.0
22.896928729709487,20.982931397016962,40.39748473139431,38.21859655110529,124.83834114398552,28.16170168483515,43.53274954276679,133.17414050246518,71.31950434690869,43.53584404420118,144.83375753014826,58.31444769226285,49.06749977138952,139.00107609106027,46.78184833380573,0.0
21.670742672379983,22.18174446862746,38.53185799294346,34.5405841625264,128.31429476554555,24.269455762509494,39.6873538357142,135.49935862810912,70.27784989381463,39.9317586111783,147.10841267974203,58.542310753474446,46.86808544113554,140.55868609406696,46.84935050171228,0.0
21.098744362677827,22.71865836524772,40.979735678959415,35.84238009378325,128.16215878007463,25.618402741219935,41.07131692262653,135.306788819159,72.23145041239587,41.84008821090381,146.2226684720058,58.65377931034188,47.4467607474796,141.08581645602968,44.21564991825714,0.0
22.847758111948313,22.45142033749485,38.836854472550854,34.98747090192438,129.25699556643025,21.1660630452347,41.095502859011866,135.03893754994206,70.74055030982777,41.73065996109888,146.01344430027189,58.02632297356276,47.70002990996211,140.90216091940093,45.250522980699955,0.0
22.598478077831036,22.067257302184892,39.39491620313773,34.256528803940185,129.57170060418022,21.516839439762204,41.76735523977734,134.24836832005892,66.36206992211858,43.45070846160567,144.14641007193197,56.22684855711471,49.880236077403204,139.02441676457687,44.47329300627652,0.0
21.967437843398518,22.793722832663736,41.55368042211362,33.36008184218807,130.74479513661197,22.14208167376002,40.239382117367164,135.49792580186036,68.00768759590393,41.33846898835091,145.95934688331675,57.26576069857814,47.744536298533916,140.8891727026605,44.86672434352252,0.0
21.04519854651497,22.526343945784404,44.228170300687815,32.299950791760644,129.67976906868213,16.04580495382932,38.64429570985729,135.33326605283762,41.68083257224094,40.29890125257901,146.31003469081193,44.43881100989646,48.22523118998481,141.54757721508844,41.76173530280747,0.0
20.65746661924263,28.15956200009816,48.84017226861272,30.686907942655502,131.62787970011055,19.024640218221773,36.50286761584954,136.6671934142948,44.08857448589744,37.392795700616794,148.2182520161038,46.728520946377905,46.354479513091505,142.68977315618588,41.07462239068566,0.0
22.384854466118732,27.510282680430542,51.45741001554127,30.58525023496248,130.03150819724758,17.11554544666472,36.50480625506866,135.73649262518455,38.071667765547765,37.49174168043841,147.84089191343608,43.04243879213852,45.401699955626476,143.9524638561264,37.008017915180844,0.0
24.086598060294758,27.722424481954985,52.29796306044465,29.984026580089054,131.350097717147,16.323724756182582,35.61788102270804,136.65095796704009,37.85999313361617,36.51820478589536,148.83529844240024,43.32798480832646,43.88728523405801,145.17658184375884,37.0572241610032,0.0
24.420015067445817,28.76734889507556,50.76509304869706,30.05379990258533,131.4947267109657,15.697032488003504,34.49019688805662,137.66441600702674,36.49535165808851,35.34498143491924,149.82270555262332,42.27197662779516,43.97226943015404,144.89143737693718,38.35003830218464,0.0
26.374398845863894,28.411519997043655,49.55066242261579,30.300553346268746,130.99123279630408,15.497839332695767,35.286677906519316,136.71103213528642,36.56782818305808,36.369374534437895,148.72370998221157,42.209368379149865,44.62092698271779,144.03851851932137,38.62105704269577,0.0
24.82269689904698,26.329506135691204,53.68787081169428,30.29119372573776,130.0673752425541,15.79444320953441,35.74329794835097,135.78719341242683,36.285680181392024,37.02406265504623,147.97683706686067,43.772308869004405,45.929891937365994,143.62036145099964,41.040751341367134,0.0
28.953225766574977,32.02924760569381,59.706659428304356,30.74650183567501,134.11987416153534,25.111999527543656,33.44045924344657,142.0426800048759,44.442784396597204,37.443368599601506,146.5919105801109,44.333666380469296,44.7961094792822,143.3003756996318,38.01864812122944,0.0
28.74217773199405,37.50908898630603,61.92802828191099,27.86300103459621,139.1352298677828,22.390436512605213,27.2669145210378,148.00271047932463,40.23466721662285,30.642998617833307,151.94345044601923,39.35641542994961,40.39812991804635,144.80791746496254,35.469429502063775,0.0
27.288296790764583,39.63962896370757,64.5720252556869,27.69690843124967,138.9364639920414,23.746678019344223,27.749178540472865,147.1434082673395,42.4923710421635,31.166449412264356,151.40272518367107,39.00744893013389,39.983299301499585,145.27077845277358,33.59919000268151,0.0
26.517610151682337,41.68898950980301,67.57025562563786,27.329238788606023,139.01180994742873,22.65134370741488,27.164538032012402,147.85122201417013,43.62625301413164,30.982273178407,151.93336314376646,39.696857468769984,39.34932203205778,145.73198267175616,34.57581365029251,0.0
27.205293251417523,41.71641721502781,68.84382964555583,27.35296361592171,139.1268036210791,23.883285486738117,27.91821228348639,146.65543117142448,47.64404208517045,32.1637967103622,150.72666314840004,43.169822463218665,43.34293881851382,143.07958518091445,39.233732865936325,0.0
32.32478908920206,42.76893417239351,91.62662412474499,25.06009420323376,141.0388388824139,14.036401305126113,24.149994557435594,148.96384829724192,24.008278992137218,21.986201735594115,157.35469067620346,24.137812407580597,27.520032316849935,150.6833873613091,24.21450938486818,0.0
34.73072097104493,42.553661506418315,88.83310773300948,24.13440758991921,143.39239206054523,14.10032596288124,22.096665916268524,150.6939454361248,20.377864632008,19.54849259380971,158.01426042479633,20.47686031425569,28.117391401797196,148.0556061394531,23.13580693965949,0.0
33.68802557201752,43.0796967040055,92.09857096969898,22.739852216517928,142.99253651630883,17.603534133604196,20.736717388460338,151.5532975445493,21.801746315011766,14.845225284312564,159.7418122312748,20.046088816828675,19.85805794427748,148.74548446912434,22.722045552328392,0.0
35.20152715926589,43.96467007323217,86.65471175017012,22.56078822424257,142.8997303721115,18.07403033937348,21.535710678166453,152.33821320612532,22.287838449026815,16.20397587822955,161.30225898271118,21.123521851927165,17.092675590403083,153.37798774362494,21.340412814750806,0.0
34.78723780636413,43.08972150985113,92.59931162814695,21.02980833057938,142.62394985862113,20.037452602614184,20.62296610491703,151.99900309772815,21.838189501797622,14.500985055797683,161.04086319834312,19.800491593849074,14.86081534180923,153.5108997403081,20.855147618362224,0.0
36.0709903599389,43.878550432661314,88.61046294802556,21.4098392326788,142.6176248280996,20.131191074537277,21.57168305876372,152.73168238726484,23.03203086132773,15.744643286957016,161.675949781576,20.992945204785173,14.39333429474664,154.77683618441532,19.826507574175256,0.0
34.58329003448933,44.8481488057339,90.58681977966052,22.74272026055348,142.31915460129264,18.129241276278798,25.33919840273588,148.7128690662635,28.545162209158832,21.880511211023887,158.58068201632375,28.891179991739502,22.34481435042175,154.52906290884678,25.048730084010362,0.0
23.155605431987386,41.864881246385785,78.1886296754664,25.569220625758863,138.80796052227768,21.24873687436411,28.865659743863347,145.2562591102132,48.929189958435664,33.97664190698367,149.95445608605866,50.52152954575629,44.316423868426604,143.40409154651152,43.09147102924087,0.0
23.409132450746796,38.72289699705437,66.95802678468313,29.660650263190842,133.50799158279386,37.1982770725005,37.106330425204575,136.38563424608577,71.27286269037066,45.42340829534155,137.9211103206205,63.77849419558098,58.47765199628224,129.30545482787363,53.420671149561734,0.0
23.797556992719915,38.956088385345765,67.41985484929566,27.95800152913511,136.55961627518087,32.08180358533193,33.63582078180349,139.9547988396704,62.08535906826894,40.70799344151547,142.4766586387469,57.49769107566522,53.99038748368946,134.00467683789049,50.06526356796111,0.0
28.86101229676547,39.27875823969558,77.5554176148965,27.005137498812886,139.56104447915115,27.05566504651316,31.301886918181026,144.09126604887834,51.919349703322005,35.66231418163575,148.40534527077406,48.373619494799655,48.86276723909851,138.61854149114023,46.71897836402344,0.0
25.853810144325298,37.222442473035244,64.64145864655828,27.264839339904206,140.1225401194759,26.05806434296178,29.780561641418114,146.12570337760934,45.50503432170952,33.13606543827991,150.90029010257615,42.134089004289386,41.83761373485919,145.2137351552349,36.14353573119429,0.0
27.079122698385714,35.82411227777213,60.81420985967972,27.27354475180278,139.97398546557443,21.466485621044086,31.09072263611942,144.5421937998135,39.78421707512761,35.26028811665725,149.01433734266573,40.11290916179774,42.77073621525411,145.5253121690617,34.69577420626619,0.0
